Time (s),Frequency (Hz),CH1 Voltage (V),CH2 Current Filtered (mA),Phase Live Time (s),Phase(CH2-CH1) (deg),|Y| (S),|Y| (mS),|Z| (ohm),G (S),B (S)
0.0,480.8091,0.264,8.943996301611679e-11,27.566059112548828,84.0500266349784,1.962963417402658e-05,0.01962963417402658,50943.38443266426,2.034809392606371e-06,1.9523885078074832e-05
8e-06,500.6521,0.264,7.084723910706272e-10,27.93994927406311,83.90888511336942,2.0253862875691384e-05,0.020253862875691385,49373.29763401314,2.1491348299916553e-06,2.0139517890700026e-05
1.6e-05,544.6719,0.272,2.8287452890280327e-09,28.457118034362793,83.76898074787982,2.0792463819826794e-05,0.020792463819826794,48094.34844592315,2.2567633171498286e-06,2.0669629194283414e-05
2.4e-05,581.4548,0.272,7.91015751407836e-09,28.780580043792725,83.64889590272963,2.202287174348263e-05,0.02202287174348263,45407.338863331315,2.436188035196345e-06,2.1887710425877162e-05
3.2e-05,620.6184,0.28,1.788916176216683e-08,29.1567862033844,82.98239307228698,2.2866875502090104e-05,0.022866875502090104,43731.379038146115,2.793745558314297e-06,2.2695571836450555e-05
3.9999999999999996e-05,664.0557,0.28800000000000003,3.513659858086133e-08,29.482120990753174,82.7139744887437,2.3451097067448917e-05,0.023451097067448915,42641.92831251554,2.974131001002132e-06,2.3261738938776467e-05
4.8e-05,686.0892,0.28800000000000003,6.232783648379244e-08,29.858683586120605,82.2181427476184,2.479676773885054e-05,0.024796767738850537,40327.83669757255,3.357528093369686e-06,2.456840848318694e-05
5.6e-05,721.314,0.296,1.0250054330815307e-07,30.191807985305786,81.09907541455664,2.6838871258681692e-05,0.02683887125868169,37259.39106610251,4.152680025625029e-06,2.6515660637533908e-05
6.4e-05,757.3617,0.304,1.591664203883614e-07,30.701449155807495,80.117040469588,2.7575651318671488e-05,0.027575651318671488,36263.87599856615,4.732977496828148e-06,2.7166440136010954e-05
7.2e-05,776.3367,0.304,2.3626375253730043e-07,31.07617998123169,76.8217313225851,3.0457963163209792e-05,0.03045796316320979,32832.13636583227,6.943854920098049e-06,2.965586618023616e-05
7.999999999999999e-05,836.2665,0.32,3.3808219699038035e-07,31.404202461242676,75.8204735935937,3.172285611636132e-05,0.031722856116361324,31523.0128186422,7.77086118509571e-06,3.075635408531603e-05
8.8e-05,857.301,0.32,4.692217361177365e-07,31.739646434783936,73.58154656486687,3.383638353786215e-05,0.03383638353786215,29553.985841336224,9.563867731211554e-06,3.2456636993705906e-05
9.6e-05,902.2615,0.328,6.34523674868486e-07,32.11244058609009,70.48047284842534,3.790555835952299e-05,0.03790555835952299,26381.355222769605,1.2665312360855527e-05,3.572703762347451e-05
0.000104,947.1112,0.328,8.389759845633097e-07,32.43956780433655,67.43499356207798,4.268708151242496e-05,0.042687081512424965,23426.291153423765,1.6380373453587105e-05,3.941916150261738e-05
0.000112,986.6905,0.336,1.0876846422402062e-06,32.952353954315186,55.66547711791654,5.026534720066666e-05,0.05026534720066666,19894.421419349852,2.835084722016929e-05,4.15070426687109e-05
0.00011999999999999999,1002.7,0.336,1.3858762239576455e-06,33.37534832954407,39.3200458093051,5.845214930721219e-05,0.058452149307212195,17108.010772096855,4.521966782929011e-05,3.7038296397665106e-05
0.000128,1054.5,0.34400000000000003,1.7388399238324143e-06,33.70042061805725,19.38347660818934,5.988656666188433e-05,0.05988656666188433,16698.235610098258,5.6492100836190045e-05,1.9875698972917955e-05
0.000136,1072.0,0.34400000000000003,2.15187337803516e-06,34.0339994430542,2.1364019959592326,5.236529869689201e-05,0.052365298696892014,19096.6159820521,5.2328900157536086e-05,1.9521055087623813e-06
0.000144,1107.3,0.352,2.63026197382436e-06,34.41161823272705,-9.971550907695274,4.243544137025735e-05,0.04243544137025735,23565.207941984358,4.1794405363276495e-05,-7.348085779213098e-06
0.00015199999999999998,1144.5,0.352,3.1793189773293013e-06,34.73835635185242,-14.227103057371323,3.7349605494196704e-05,0.037349605494196705,26774.044511805558,3.6204063282036045e-05,-9.179260996532239e-06
0.00015999999999999999,1179.8,0.36,3.8044519337442753e-06,35.256633281707764,-19.26536986354327,2.861524301811612e-05,0.02861524301811612,34946.40948416571,2.7012805014483176e-05,-9.441424587177301e-06
0.000168,1203.5,0.368,4.511104075907288e-06,35.622764348983765,-20.60889732898852,2.2249964373709676e-05,0.022249964373709675,44943.89218805175,2.082607540667332e-05,-7.83169826965432e-06
0.000176,1265.0,0.368,5.304640005164128e-06,35.959927558898926,-21.238942435017236,1.7752544505560322e-05,0.01775254450556032,56329.95313357966,1.6546752612497e-05,-6.431004151975314e-06
0.000184,1286.0,0.376,6.190239832300244e-06,36.326502561569214,-25.807690616854984,1.4233344031781478e-05,0.014233344031781477,70257.55843230593,1.2813715190158968e-05,-6.196513967751443e-06
0.000192,1329.4,0.376,7.172801458302251e-06,36.66397476196289,-32.259868596260844,1.199857534670158e-05,0.01199857534670158,83343.22793371472,1.01464260579893e-05,-6.4043616856194715e-06
0.00019999999999999998,1374.0,0.384,8.256969935120273e-06,36.989173889160156,-43.34083827990429,5.703938621068434e-06,0.005703938621068434,175317.45455786213,4.14838185451229e-06,-3.914823595268278e-06
0.000208,1395.8,0.392,9.447224577306681e-06,37.50061058998108,26.82992680651617,2.106609967613114e-06,0.002106609967613114,474696.3203316872,1.8798338127730734e-06,9.508051283002079e-07
0.000216,1445.4,0.392,1.0747959572544503e-05,37.877989053726196,63.712797941975,4.538718487805745e-06,0.004538718487805745,220326.5090546412,2.010066500320154e-06,4.069348618125554e-06
0.000224,1492.5,0.4,1.2163558348117588e-05,38.2013955116272,77.83395144001815,6.6482618721328115e-06,0.006648261872132811,150415.25427746013,1.4010917876872181e-06,6.498948201280751e-06
0.000232,1542.6,0.4,1.3698312877661203e-05,38.53737807273865,78.86746159888594,7.623694714502715e-06,0.007623694714502715,131169.99531705785,1.4719769813113512e-06,7.4802409631258645e-06
0.00023999999999999998,1592.3,0.4,1.535625954526829e-05,38.90392446517944,80.34372324249932,9.140492656685862e-06,0.009140492656685862,109403.29340656979,1.5331999677985282e-06,9.010987951699345e-06
0.000248,1621.1,0.40800000000000003,1.7141147081518366e-05,39.234702825546265,81.8471686563368,1.0421397774462088e-05,0.010421397774462089,95956.41790495,1.4779006647559735e-06,1.0316071984950338e-05
0.000256,1648.7,0.40800000000000003,1.90564968617032e-05,39.75050640106201,81.0527510791369,1.054775896750529e-05,0.01054775896750529,94806.86874631111,1.6404407824895189e-06,1.0419413288459838e-05
0.00026399999999999997,1674.2,0.40800000000000003,2.1105539709095814e-05,40.12945199012756,82.5477330723823,1.1409297205084054e-05,0.011409297205084054,87647.81756709727,1.4797878444012003e-06,1.131292582179788e-05
0.000272,1704.0,0.41600000000000004,2.3291038764677846e-05,40.45398831367493,82.72914606694428,1.19335682699045e-05,0.0119335682699045,83797.2329300633,1.510312646139984e-06,1.1837609867003607e-05
0.00028,1732.0,0.41600000000000004,2.561527592875295e-05,40.8312029838562,82.7916599492853,1.1940887198829448e-05,0.011940887198829448,83745.87108552779,1.4983144143062787e-06,1.1846511765538877e-05
0.000288,1748.3,0.424,2.8080159737581952e-05,41.15735912322998,83.6516706371902,1.2393949948170781e-05,0.012393949948170781,80684.52786898577,1.370432317160846e-06,1.2317950746039037e-05
0.000296,1775.2,0.424,3.068726629907071e-05,41.48506569862366,83.57763014349933,1.287406878744117e-05,0.01287406878744117,77675.52096470959,1.4400536589119083e-06,1.2793275288338848e-05
0.00030399999999999996,1805.2,0.424,3.343790770045249e-05,42.00416278839111,83.87276845635131,1.3297163377525913e-05,0.013297163377525912,75204.00942731452,1.4192946514926688e-06,1.322120102641438e-05
0.000312,1822.0,0.432,3.6333225621377124e-05,42.37495708465576,84.35321467821228,1.3665745573618249e-05,0.013665745573618248,73175.66353134089,1.3446482503940642e-06,1.3599430986830991e-05
0.00031999999999999997,1866.2,0.432,3.9374278163631004e-05,42.70952033996582,84.19484546601768,1.4096395587774527e-05,0.014096395587774526,70940.12038561662,1.4257912062124836e-06,1.4024103821753327e-05
0.000328,1897.6,0.432,4.2562120160122985e-05,43.07692503929138,84.17444644276475,1.4487900590743717e-05,0.014487900590743718,69023.11302707982,1.4705218759915221e-06,1.4413078399131204e-05
0.000336,1913.5,0.432,4.589772815304059e-05,43.403603076934814,84.85735054715406,1.4896536297834129e-05,0.014896536297834129,67129.69914659922,1.3352614380895183e-06,1.4836572062462435e-05
0.00034399999999999996,1944.5,0.44,4.938184166379911e-05,43.7317054271698,85.0484034658482,1.5205372826252434e-05,0.015205372826252435,65766.22694009032,1.3124384753817387e-06,1.5148625945400909e-05
0.000352,1960.8,0.44,5.301493627487826e-05,44.30055522918701,85.40004150060582,1.5187565165780944e-05,0.015187565165780945,65843.33888180424,1.2180154242135091e-06,1.5138645054667895e-05
0.00035999999999999997,1994.4,0.44,5.679731863264847e-05,44.62387132644653,85.22279170197703,1.5916407445720444e-05,0.015916407445720444,62828.248360083104,1.3255413569662195e-06,1.586111490687705e-05
0.000368,2043.8,0.44,6.072921461037689e-05,44.95333003997803,85.23351342128046,1.592921410331036e-05,0.01592921410331036,62777.73614658008,1.323637423104368e-06,1.5874125044274388e-05
0.000376,2058.5,0.448,6.481079126822007e-05,45.331799268722534,85.47548583732703,1.6265327504143692e-05,0.01626532750414369,61480.471250593866,1.2831004846476891e-06,1.6214639433652238e-05
0.000384,2095.3,0.448,6.904211756574755e-05,45.65899181365967,85.67842747835789,1.659993796257188e-05,0.016599937962571882,60241.18898845974,1.2508746004049308e-06,1.655274155828263e-05
0.000392,2130.3,0.448,7.342306859052237e-05,46.03669261932373,85.5450929280143,1.6896996712052965e-05,0.016896996712052966,59182.11484805937,1.312465392060433e-06,1.6845947063960884e-05
0.00039999999999999996,2148.2,0.448,7.795320769198326e-05,46.54611563682556,85.65632816191533,1.7269239218662887e-05,0.01726923921866289,57906.4304650606,1.307951054639849e-06,1.7219636675321316e-05
0.000408,2183.3,0.448,8.263164856421063e-05,46.921663999557495,85.91314295712635,1.7518208269055272e-05,0.01751820826905527,57083.46336802219,1.248498907156791e-06,1.747366222166449e-05
0.000416,2220.8,0.456,8.745695886186646e-05,47.24832582473755,85.95646639167154,1.7806312060440794e-05,0.017806312060440792,56159.86042509271,1.255601544527128e-06,1.7761987894241466e-05
0.000424,2256.4,0.456,9.242731121815119e-05,47.6259400844574,86.06111886599166,1.818054541416294e-05,0.01818054541416294,55003.85039169308,1.2488636124861865e-06,1.813760103304318e-05
0.000432,2294.9,0.456,9.754077306088173e-05,47.96017050743103,86.01496387172989,1.841073093596911e-05,0.01841073093596911,54316.148743790305,1.279471029131633e-06,1.8366218105049907e-05
0.00043999999999999996,2332.8,0.456,0.00010279533628972498,48.28460502624512,86.2934308549838,1.872096438788983e-05,0.01872096438788983,53416.05161360583,1.2102489814243286e-06,1.868180411565223e-05
0.000448,2351.9,0.456,0.00010818870644553436,48.850937843322754,85.91784510450674,1.8706590158576695e-05,0.018706590158576696,53457.09675162337,1.3316619579012247e-06,1.865913159262341e-05
0.00045599999999999997,2391.1,0.456,0.00011371816837270965,49.17314624786377,86.56793502249315,1.9339300339581302e-05,0.0193393003395813,51708.17880899874,1.1577475751183371e-06,1.9304614945054903e-05
0.000464,2432.5,0.456,0.00011938058263224682,49.50103974342346,86.20917046148065,1.9490424231112067e-05,0.019490424231112066,51307.2464786952,1.2885937411963783e-06,1.944778041008459e-05
0.000472,2472.1,0.456,0.0001251723835466537,49.876452922821045,86.47097178872525,1.9625744430003856e-05,0.019625744430003856,50953.48120763251,1.2080474797851998e-06,1.9588528931964545e-05
0.00047999999999999996,2511.2,0.456,0.00013108954897738664,50.200984954833984,86.46849544661183,1.987642738869849e-05,0.01987642738869849,50310.85216896617,1.2243355103812778e-06,1.983868363315023e-05
0.000488,2532.5,0.456,0.0001371276633534971,50.577919006347656,86.54735522980337,2.0248947192926557e-05,0.020248947192926556,49385.2836136253,1.219463599080257e-06,2.0212193620496676e-05
0.000496,2577.0,0.456,0.00014328209654310042,51.10011172294617,86.59092372982616,2.047063621206413e-05,0.02047063621206413,48850.46022217237,1.2172762452760702e-06,2.0434411796510263e-05
0.000504,2618.6,0.456,0.00014954811040033335,51.4823362827301,86.52078661650597,2.0797174988064763e-05,0.020797174988064764,48083.45366973579,1.2621060402453372e-06,2.0758843316219784e-05
0.000512,2662.8,0.456,0.0001559207789115609,51.8008828163147,86.74743371487386,2.1059645287120415e-05,0.021059645287120416,47484.18059118861,1.1948717422901704e-06,2.102572094218911e-05
0.00052,2705.6,0.456,0.00016239482575748347,52.17737102508545,86.63131565748313,2.132596695355133e-05,0.02132596695355133,46891.19148397977,1.2531301422871886e-06,2.1289117674306157e-05
0.0005279999999999999,2754.7,0.456,0.00016896453512285628,52.50624203681946,86.73051650867274,2.161280000615967e-05,0.021612800006159668,46268.87768891578,1.2326274439105432e-06,2.157762159485549e-05
0.000536,2775.3,0.456,0.00017562379012785086,52.87232804298401,86.8648039973474,2.1609903630787942e-05,0.021609903630787942,46275.079106566925,1.181892954600981e-06,2.157755926827236e-05
0.000544,2821.1,0.456,0.00018236622912941593,53.39786243438721,86.66822354885613,2.1907722894332586e-05,0.021907722894332585,45646.003686612945,1.273226513753456e-06,2.1870693099660546e-05
0.000552,2857.8,0.456,0.00018918542108169368,53.72406554222107,86.42045177024431,2.242122447348345e-05,0.02242122447348345,44600.597134320386,1.3998527638713093e-06,2.2377482412680274e-05
0.00056,2915.9,0.456,0.00019607487912376542,54.09911775588989,86.92872281936013,2.253898658951807e-05,0.02253898658951807,44367.56710548192,1.2075990530052316e-06,2.2506612828447915e-05
0.0005679999999999999,2966.4,0.456,0.00020302792462176407,54.424357414245605,86.9687871965026,2.277269261871062e-05,0.022772692618710618,43912.24247142276,1.2042192582455932e-06,2.274083079142773e-05
0.000576,3013.1,0.456,0.00021003759229651698,54.79705047607422,86.9749414025373,2.305618981640581e-05,0.02305618981640581,43372.300799173776,1.216737546844988e-06,2.302406216531376e-05
0.000584,3039.4,0.456,0.00021709666306847213,55.1235933303833,87.12643685140881,2.3401338989801722e-05,0.023401338989801724,42732.59749947637,1.1731586292797985e-06,2.3371914028298165e-05
0.000592,3090.7,0.456,0.00022419781486835192,55.64409375190735,86.96978238214484,2.354720605704336e-05,0.02354720605704336,42467.88334792201,1.2447670784864901e-06,2.351428221343734e-05
0.0006,3114.2,0.448,0.00023133379260264743,56.019447565078735,86.95468128599276,2.3771854251901272e-05,0.023771854251901273,42066.554396782914,1.2628991686899754e-06,2.373828427379196e-05
0.0006079999999999999,3192.7,0.448,0.00023849741644225669,56.349719285964966,86.99142713764257,2.4093379709409116e-05,0.024093379709409116,41505.177441314845,1.2645500757056407e-06,2.4060171631303875e-05
0.000616,3246.5,0.448,0.0002456814406613059,56.71681499481201,87.10284545522683,2.4398367404895487e-05,0.024398367404895486,40986.348939042204,1.2331750048557011e-06,2.4367183083640705e-05
0.000624,3273.4,0.448,0.00025287845365728974,57.0523579120636,87.41321605145993,2.4603870123481386e-05,0.024603870123481385,40644.01230299222,1.1104356633902368e-06,2.4578798947275902e-05
0.000632,3331.6,0.448,0.00026008090578422794,57.377912521362305,87.25592575447871,2.456101801061443e-05,0.02456101801061443,40714.92474651638,1.1758544008385565e-06,2.453285495301668e-05
0.0006399999999999999,3383.6,0.448,0.0002672812552471964,57.897927045822144,87.3663063337375,2.49208703703877e-05,0.0249208703703877,40127.009415700544,1.1451249659967823e-06,2.4894546969766662e-05
0.0006479999999999999,3412.4,0.448,0.00027447213324723264,58.26410794258118,87.30398285234287,2.521119717566883e-05,0.02521119717566883,39664.91527681572,1.1858594314326185e-06,2.5183292088988968e-05
0.000656,3498.4,0.44,0.00028164634754477517,58.59366488456726,87.59079965135794,2.557306648684913e-05,0.025573066486849132,39103.640563177934,1.0749916914791768e-06,2.555046227378395e-05
0.000664,3532.4,0.44,0.0002887967366685022,58.96940469741821,87.55328319276873,2.5808964879387042e-05,0.025808964879387043,38746.2265407891,1.101792107815096e-06,2.5785436244062075e-05
0.000672,3585.6,0.44,0.0002959160952138256,59.295899868011475,87.39917636748652,2.6168448576392005e-05,0.026168448576392004,38213.958197818225,1.1874548088081171e-06,2.6141492917817666e-05
0.0006799999999999999,3648.0,0.432,0.00030299725451340053,59.673259258270264,87.47380748382727,2.6551092767201686e-05,0.026551092767201686,37663.23325250442,1.1702684430019567e-06,2.6525289798678233e-05
0.0006879999999999999,3675.3,0.432,0.0003100331277917073,60.19231414794922,87.62268378341878,2.6752247654781225e-05,0.026752247654781226,37380.0367320268,1.1096856679152112e-06,2.6729222815135704e-05
0.000696,3736.8,0.432,0.00031701660310842343,60.5687530040741,87.52615452692163,2.7089823564837574e-05,0.027089823564837575,36914.230822012214,1.1692871214323846e-06,2.7064576634443804e-05
0.000704,3801.7,0.424,0.00032394047482744716,60.89645195007324,87.30997225186371,2.7470193693518394e-05,0.027470193693518396,36403.09242653613,1.2892474637592464e-06,2.743992315106965e-05
0.000712,3865.1,0.424,0.0003307974705333006,61.23907279968262,87.44980169154388,2.773059026276997e-05,0.027730590262769972,36061.259083351055,1.2338632517897684e-06,2.770312649860148e-05
0.0007199999999999999,3929.2,0.424,0.00033758027665341624,61.57373881340027,86.75144695077358,2.801007511736944e-05,0.02801007511736944,35701.43942169887,1.5872630074569793e-06,2.796506578261237e-05
0.0007279999999999999,3986.4,0.424,0.00034428165225734107,61.95395612716675,87.38082974026884,2.790538241802186e-05,0.02790538241802186,35835.38060937591,1.27519854754062e-06,2.787623067346792e-05
0.000736,4025.7,0.41600000000000004,0.00035089459420302167,62.47045397758484,87.49632727774872,2.8293111786559273e-05,0.028293111786559272,35344.29183837788,1.2359400935570846e-06,2.8266103846336468e-05
0.000744,4093.5,0.41600000000000004,0.00035741242998816827,62.79510235786438,87.3121099607639,2.861550887455282e-05,0.02861550887455282,34946.08480960055,1.3419336060531597e-06,2.8584026349458825e-05
0.000752,4161.4,0.41600000000000004,0.00036382887330690055,63.17275285720825,87.39594044105064,2.8786734235468593e-05,0.028786734235468594,34738.223232279124,1.307889797457458e-06,2.8757007706317537e-05
0.0007599999999999999,4230.4,0.40800000000000003,0.00037013801513908904,63.50689768791199,87.4466073277747,2.9055615984585797e-05,0.029055615984585798,34416.754424704224,1.2944381311162762e-06,2.902676782158892e-05
0.000768,4301.9,0.40800000000000003,0.00037633422544932054,63.872403383255005,87.43097677747767,2.9427301482269713e-05,0.029427301482269713,33982.048969135394,1.319016736335203e-06,2.9397725547696047e-05
0.000776,4337.0,0.4,0.0003824120023578286,64.20603775978088,87.45149630385674,2.9724294885282942e-05,0.029724294885282943,33642.5137706166,1.321694193469211e-06,2.969489570424869e-05
0.000784,4413.5,0.4,0.00038836583283101026,64.72241044044495,87.47285267726403,3.0031613954395655e-05,0.030031613954395655,33298.243694745965,1.3241761955435102e-06,3.000240647196501e-05
0.000792,4480.1,0.4,0.00039419015387482493,65.10255122184753,87.34459161867915,3.033650724439636e-05,0.03033650724439636,32963.58384120558,1.4054609522402003e-06,3.0303932934539058e-05
0.0007999999999999999,4563.4,0.392,0.00039987937692457815,65.42681884765625,87.6193529753167,3.059075806058273e-05,0.03059075806058273,32689.61161470972,1.270684246160082e-06,3.05643557149119e-05
0.000808,4633.3,0.392,0.00040542794076333597,65.75383615493774,87.67692162240769,3.090244959489493e-05,0.030902449594894927,32359.894219039506,1.2526078785737705e-06,3.087705239279741e-05
0.000816,4672.6,0.384,0.0004108303608403249,66.13070392608643,87.76030115937846,3.1007537916220644e-05,0.031007537916220643,32250.22259754718,1.2117796852502841e-06,3.098385059382187e-05
0.000824,4750.8,0.384,0.00041608127511571477,66.45810174942017,87.7244687966238,3.120840905560599e-05,0.031208409055605988,32042.64588490355,1.2391321242915913e-06,3.118379943753773e-05
0.000832,4829.9,0.376,0.0004211756058089201,66.97630095481873,87.69918674569846,3.164805783108895e-05,0.03164805783108895,31597.515567532442,1.2705421403529067e-06,3.162254397023646e-05
0.0008399999999999999,4829.7,0.376,0.000426108648895402,67.34657073020935,87.64550308694686,3.1901693169012943e-05,0.031901693169012944,31346.298602461935,1.3105904167607e-06,3.187476085885731e-05
0.000848,4918.4,0.368,0.0004308758878477135,67.67294406890869,87.70671016772837,3.227551670679394e-05,0.03227551670679394,30983.2375135764,1.2914974449613842e-06,3.224966686711962e-05
0.000856,4947.4,0.368,0.0004354728213762532,68.05179595947266,87.64306523173383,3.260237858561792e-05,0.03260237858561792,30672.608667918972,1.3407620993953325e-06,3.2574797718984887e-05
0.000864,4950.4,0.36,0.0004398950729396491,68.37629437446594,87.73294097687386,3.286391238513446e-05,0.03286391238513446,30428.51344906629,1.3000083181100801e-06,3.283818989576981e-05
0.0008719999999999999,4992.2,0.36,0.00044413861127917225,68.70069813728333,87.72892128739306,3.32218689449677e-05,0.0332218689449677,30100.654531402433,1.3164970335635731e-06,3.319577400449081e-05
0.0008799999999999999,5030.4,0.352,0.00044819974494684334,69.21694898605347,87.70229991090662,3.319628432979339e-05,0.033196284329793393,30123.853322418625,1.3308949353560463e-06,3.3169594691155485e-05
0.000888,5071.3,0.34400000000000003,0.0004520749377619123,69.59735035896301,87.5688327293488,3.38827054654838e-05,0.033882705465483796,29513.581818863215,1.437275289168088e-06,3.385220774785409e-05
0.000896,5117.7,0.34400000000000003,0.0004557607574347003,69.92054724693298,87.61382194345958,3.3944609738571515e-05,0.03394460973857152,29459.75834459786,1.4132711209209105e-06,3.391517647075856e-05
0.000904,5162.8,0.336,0.0004592539772277476,70.2960376739502,87.7018858579263,3.410030182220485e-05,0.03410030182220485,29325.253635990903,1.3673847494911515e-06,3.407287547760427e-05
0.0009119999999999999,5203.9,0.336,0.000462551639866665,70.632333278656,87.68965855029012,3.458624974554866e-05,0.034586249745548664,28913.224398626873,1.3942457009792718e-06,3.4558135806011954e-05
0.0009199999999999999,5246.3,0.328,0.00046565093728999043,70.95985674858093,87.62264825280096,3.491065996913948e-05,0.03491065996913948,28644.545845996196,1.4481189837403808e-06,3.488061253604656e-05
0.000928,5287.2,0.32,0.000468549039792871,71.51889371871948,87.62162849892354,3.5181236238199664e-05,0.035181236238199666,28424.24277615928,1.4599682983449817e-06,3.5150929942404664e-05
0.000936,5297.2,0.32,0.0004712431174136639,71.84265661239624,87.66463028052249,3.549549017293725e-05,0.03549549017293725,28172.59305697454,1.4463917293724588e-06,3.546600870667981e-05
0.000944,5373.5,0.312,0.00047373041968230275,72.17259740829468,87.69302502464768,3.586308411997024e-05,0.03586308411997024,27883.82607181164,1.4436121622985811e-06,3.583401716973587e-05
0.0009519999999999999,5379.7,0.304,0.0004760082600029655,72.54900622367859,87.54882855863002,3.616285194467052e-05,0.03616285194467052,27652.686285086384,1.5466115369138777e-06,3.612976409452525e-05
0.0009599999999999999,5425.3,0.304,0.00047807400138112556,72.8787248134613,87.73627730257033,3.617607588958013e-05,0.03617607588958013,27642.578013499584,1.428923749920054e-06,3.614784424672618e-05
0.000968,5468.3,0.296,0.0004799251328739147,73.20604825019836,87.65837659918185,3.659179224756482e-05,0.03659179224756482,27328.532946252442,1.4950550805394e-06,3.656123726291409e-05
0.000976,5515.8,0.28800000000000003,0.00048155939984382347,73.76632523536682,87.5940465934338,3.6749548541284075e-05,0.03674954854128407,27211.218632430548,1.5427265302818821e-06,3.671715284224743e-05
0.0009839999999999998,5558.1,0.28800000000000003,0.0004829747748455784,74.09423279762268,87.70006050163687,3.7117739014723546e-05,0.037117739014723546,26941.296171173803,1.4895622384119129e-06,3.7087838355760605e-05
0.000992,5606.2,0.28,0.00048416931110743827,74.4697105884552,87.66126696295981,3.751318688631096e-05,0.037513186886310966,26657.29262167573,1.5308102856326427e-06,3.7481939787538936e-05
0.001,5648.7,0.28,0.0004851411562515024,74.8412983417511,87.7326528885846,3.743955403850026e-05,0.03743955403850026,26709.719858619814,1.4811965439598712e-06,3.741024276050534e-05
0.001008,5699.0,0.264,0.00048588865443898404,75.1742696762085,87.8050729181241,3.782222849973646e-05,0.03782222849973646,26439.478572949978,1.4485662025551706e-06,3.779447875871675e-05
0.001016,5743.5,0.264,0.00048641041067336657,75.501060962677,87.6690156134913,3.8166455067101e-05,0.038166455067101,26201.018623340457,1.5523110429188056e-06,3.813487410252028e-05
0.001024,5794.8,0.256,0.0004867053497358134,76.06040239334106,87.72046933730087,3.8253087266311074e-05,0.038253087266311075,26141.680880243228,1.5215096778951599e-06,3.822281640204031e-05
0.001032,5791.5,0.248,0.00048677279977806155,76.43638753890991,87.82778022281565,3.852126456310873e-05,0.03852126456310873,25959.68775536216,1.4600832635613507e-06,3.8493583626423826e-05
0.00104,5895.4,0.248,0.00048661256861747703,76.81085324287415,87.66208658235985,3.899966030758211e-05,0.03899966030758211,25641.248977893927,1.5909117618184186e-06,3.896719779343779e-05
0.0010479999999999999,5889.9,0.24,0.00048622483414969067,77.14056062698364,67.55222664418457,1.6080130512470144e-06,0.0016080130512470144,621885.4997628905,6.1400552449027e-07,1.4861706459475514e-06
0.0010559999999999999,5939.5,0.232,0.00048560992288855303,77.51742100715637,70.86794087743095,1.5386704367337667e-06,0.0015386704367337668,649911.7524625763,5.042939762156948e-07,1.4536830116745e-06
0.001064,5990.4,0.232,0.0004847681646334924,77.8420581817627,68.25157105697647,1.4983559870794295e-06,0.0014983559870794295,667398.1407777355,5.551887946109006e-07,1.3917025782670902e-06
0.001072,6034.2,0.216,0.00048369978811083503,78.41010522842407,67.93164791538831,1.5821080828483881e-06,0.0015821080828483881,632068.0684467681,5.944176693495855e-07,1.4661969922828272e-06
0.00108,6096.4,0.216,0.00048240491442561034,78.78474593162537,68.43216711215743,1.546377514343735e-06,0.001546377514343735,646672.620834369,5.684522366686104e-07,1.4381048193697018e-06
0.001088,6134.5,0.20800000000000002,0.00048088361112557515,79.1117753982544,68.5758053658335,1.5442613041573813e-06,0.0015442613041573813,647558.8019384098,5.640721942964569e-07,1.4375554024591317e-06
0.001096,6185.6,0.2,0.0004791359425020413,79.43660569190979,65.04820333826365,1.5631963574789604e-06,0.0015631963574789605,639714.899037218,6.594431829702683e-07,1.4172923271045855e-06
0.001104,6241.2,0.2,0.00047716210570436415,79.8101499080658,69.88637642259425,1.5367906881431902e-06,0.0015367906881431901,650706.7017748777,5.284761602578471e-07,1.4430656836065164e-06
0.001112,6295.1,0.192,0.00047496252650150396,80.1393735408783,68.69468996784366,1.5175263579730607e-06,0.0015175263579730606,658967.1373719573,5.513743480700772e-07,1.4138149014044515e-06
0.00112,6294.3,0.184,0.0004725377981966011,80.66135692596436,71.3776533423682,1.548731343618813e-06,0.0015487313436188131,645689.7796511108,4.945547325304626e-07,1.4676458671079535e-06
0.0011279999999999999,6346.5,0.176,0.00046988856518783426,81.03114056587219,68.17613541021595,1.5078421998057035e-06,0.0015078421998057036,663199.372009125,5.60547171648115e-07,1.3997767564408983e-06
0.0011359999999999999,6398.4,0.168,0.0004670154749628219,81.97870993614197,68.75216690241149,1.5784008419458516e-06,0.0015784008419458516,633552.6270799505,5.720168686650637e-07,1.4711036400668678e-06
0.001144,6450.5,0.168,0.0004639191934820081,82.06246733665466,69.62858702242286,1.5916239927740299e-06,0.0015916239927740298,628289.0962564012,5.540512492447887e-07,1.4920771252131152e-06
0.001152,6504.5,0.16,0.00046060035984732764,82.39186191558838,65.97404290711194,1.5396423926672276e-06,0.0015396423926672276,649501.4717460668,6.26866125305074e-07,1.4062494651529893e-06
0.00116,6558.9,0.14400000000000002,0.0004570595744317986,82.90874004364014,69.45842370945735,1.5230265601575713e-06,0.0015230265601575712,656587.3676533524,5.344101882733819e-07,1.4261892068077827e-06
0.001168,6613.6,0.14400000000000002,0.0004532975074117248,83.28371596336365,67.31451837270069,1.5380831584360871e-06,0.0015380831584360872,650159.9048888835,5.931960152713928e-07,1.419090655924022e-06
0.001176,6668.5,0.136,0.0004493149691859587,83.60840034484863,65.76314035020178,1.5435179485763011e-06,0.0015435179485763012,647870.6651402225,6.336291457982045e-07,1.4074664341192051e-06
0.001184,6723.8,0.136,0.00044511294535221253,83.94319558143616,67.30564845186632,1.551015445040359e-06,0.0015510154450403592,644738.9052105661,5.984051679832696e-07,1.4309298255626158e-06
0.001192,6777.0,0.128,0.0004406926584367929,84.31811785697937,68.46685956340775,1.57332103032418e-06,0.00157332103032418,635598.1905320059,5.774706936425202e-07,1.4635117568521155e-06
0.0012,6834.7,0.12,0.0004360555945246414,84.63800263404846,67.6109053034744,1.5826666941153024e-06,0.0015826666941153023,631844.9764048341,6.028288767577465e-07,1.4633629795812295e-06
0.0012079999999999999,6894.3,0.12,0.000431203467538299,85.15939950942993,70.25405338197157,1.5802334904224277e-06,0.0015802334904224276,632817.8753714935,5.338820961605006e-07,1.487315632827114e-06
0.0012159999999999999,6893.5,0.10400000000000001,0.0004261381856055583,85.5340666770935,70.98417185391168,1.627103804340479e-06,0.001627103804340479,614588.938537535,5.301581662022574e-07,1.538310472209144e-06
0.001224,6949.4,0.096,0.000420861908882001,85.90541243553162,71.23425463537706,1.6192650772431713e-06,0.0016192650772431712,617564.1122962515,5.209170532460578e-07,1.5331877947651348e-06
0.001232,7007.8,0.096,0.00041537707245572266,86.23721480369568,69.70995328159603,1.548653523767699e-06,0.001548653523767699,645722.2255673516,5.370307925834158e-07,1.4525583170721026e-06
0.00124,7071.2,0.08,0.0004096863172652234,86.56252765655518,68.172307499525,1.6959995758346076e-06,0.0016959995758346075,589622.7889726306,6.306007159350873e-07,1.5744069671763155e-06
0.001248,7124.5,0.08,0.00040379248525501644,86.9361035823822,66.27526452133264,1.6170255781587858e-06,0.0016170255781587858,618419.4075264058,6.505989948975953e-07,1.4803690986568162e-06
0.001256,7190.1,0.07200000000000001,0.0003976986142731082,87.45052742958069,68.76802083837373,1.5849359739218063e-06,0.0015849359739218063,630940.3133336512,5.739764520211495e-07,1.477353401849631e-06
0.001264,7241.0,0.064,0.00039140787310256765,87.78425312042236,67.70044512355653,1.6111536221743427e-06,0.0016111536221743428,620673.2779773313,6.113505851558033e-07,1.490659738597364e-06
0.001272,7301.8,0.064,0.00038492344134374287,88.15746450424194,66.48422150983001,1.6502103920269485e-06,0.0016502103920269485,605983.3369317853,6.584365865274895e-07,1.513160797627193e-06
0.0012799999999999999,7363.6,0.048,0.00037824836849051927,88.48250031471252,68.47475686751869,1.636803869800031e-06,0.001636803869800031,610946.7471641366,6.00561525673553e-07,1.5226466307298654e-06
0.0012879999999999999,7423.1,0.048,0.0003713856228926933,88.81476402282715,65.88023158643,1.5818518416097487e-06,0.0015818518416097487,632170.4559779533,6.464164559082451e-07,1.443745481147968e-06
0.0012959999999999998,7487.6,0.04,0.00036433825644806273,89.19368577003479,71.56451422979424,1.5790746311996762e-06,0.0015790746311996763,633282.2909328018,4.99361281871292e-07,1.49803704929693e-06
0.001304,7488.1,0.024,0.0003571095565075441,89.70322275161743,67.59715970273015,1.5576949003191343e-06,0.0015576949003191344,641974.2401385047,5.936627735938405e-07,1.440131214066658e-06
0.001312,7553.4,0.024,0.00034970324512199045,90.07976031303406,68.0358173371111,1.5837698453745147e-06,0.0015837698453745148,631404.8742123446,5.923725404449787e-07,1.4688164270746624e-06
0.00132,7618.6,0.016,0.0003421235723563285,90.4044542312622,66.7551916020229,1.630574281567618e-06,0.001630574281567618,613280.8614144275,6.435234285282373e-07,1.4982156335604753e-06
0.001328,7673.8,0.008,0.0003343751921299937,90.78131794929504,69.35684621308428,1.652770182128426e-06,0.001652770182128426,605044.7974032342,5.82678451778278e-07,1.5466528688642773e-06
0.001336,7738.9,0.008,0.0003264629268376666,91.11254119873047,68.04561835951836,1.6610556197602196e-06,0.0016610556197602195,602026.8003694868,6.210159738484334e-07,1.5405988874986536e-06
0.001344,7802.8,-0.008,0.00031839160873706044,91.49033689498901,68.57984729714073,1.5318271880959456e-06,0.0015318271880959456,652815.1528913621,5.594297885902841e-07,1.4260199317778701e-06
0.001352,7869.2,-0.008,0.00031016605237697213,92.3335587978363,71.12392027972967,1.5973538186060924e-06,0.0015973538186060923,626035.3769790562,5.167797586759833e-07,1.5114489415254019e-06
0.0013599999999999999,7935.2,-0.016,0.00030179102896159596,92.70599675178528,70.12948793397982,1.6260473973155692e-06,0.0016260473973155692,614988.2233758335,5.526863151235172e-07,1.5292377105577552e-06
0.0013679999999999999,7998.4,-0.024,0.0002932713022058281,93.03212571144104,69.10289178331016,1.500967119559704e-06,0.0015009671195597041,666237.1127046017,5.353812354470302e-07,1.4022372219886928e-06
0.0013759999999999998,8065.5,-0.032,0.000284611691099738,93.35927748680115,66.96985971499907,1.520121941211161e-06,0.001520121941211161,657841.9618121211,5.946949664586036e-07,1.398966980675523e-06
0.001384,8133.7,-0.04,0.00027581697847046266,93.73178935050964,64.26238246121312,1.5794237718088953e-06,0.0015794237718088954,633142.3002800014,6.858657096875148e-07,1.4227324693103335e-06
0.001392,8194.4,-0.04,0.00026689179654784125,94.25056433677673,65.86734914807292,1.570347295175564e-06,0.001570347295175564,636801.8100659704,6.420374121400739e-07,1.4331010393121928e-06
0.0014,8199.5,-0.048,0.00025784064068716376,94.57740831375122,68.47820967217248,1.5737303964413952e-06,0.0015737303964413953,635432.8557555057,5.773309433916455e-07,1.4640069475539055e-06
0.001408,8266.4,-0.064,0.000248668031316621,94.95107650756836,67.62298142603052,1.5740484280430191e-06,0.0015740484280430192,635304.4685183408,5.992394634752558e-07,1.455520703816537e-06
0.001416,8337.6,-0.064,0.00023937869314140432,95.28509473800659,68.73419464464746,1.5543925218444643e-06,0.0015543925218444643,643338.143967256,5.637705884210773e-07,1.4485505982178689e-06
0.001424,8408.4,-0.07200000000000001,0.00022997757087045607,95.66088795661926,65.9601455735808,1.5250246003054304e-06,0.0015250246003054304,655727.1271556675,6.212523193247728e-07,1.3927474958765241e-06
0.001432,8480.9,-0.08,0.0002204698130411812,95.98644661903381,64.26034124034288,1.5482787590062178e-06,0.0015482787590062178,645878.5242535152,6.723906557865422e-07,1.394653333843496e-06
0.0014399999999999999,8549.5,-0.088,0.00021086075620254505,96.504812002182,67.43978684217828,1.604802880804972e-06,0.001604802880804972,623129.4895846637,6.156892728946886e-07,1.481998314939105e-06
0.0014479999999999999,8618.1,-0.096,0.00020115582001906522,96.87945365905762,70.4597763418194,1.5886274942618805e-06,0.0015886274942618806,629474.1867505114,5.313459257528797e-07,1.4971335353636952e-06
0.0014559999999999998,8684.4,-0.096,0.00019136040978510742,97.20594716072083,70.08545599734455,1.609504162758886e-06,0.001609504162758886,621309.3592040659,5.482264473012337e-07,1.5132585411679163e-06
0.001464,8685.3,-0.10400000000000001,0.00018147985588564135,97.52952551841736,65.32463211666891,1.6446078736470544e-06,0.0016446078736470544,608047.6787347595,6.865850683261498e-07,1.4944350109701867e-06
0.001472,8831.4,-0.112,0.00017151944721001823,97.91532325744629,66.1583751526594,1.6032480720911228e-06,0.0016032480720911228,623733.7922980915,6.480487419849699e-07,1.4664369092039384e-06
0.00148,8832.4,-0.12,0.0001614845214862688,98.97707867622375,66.89526227619677,1.56810345373466e-06,0.00156810345373466,637713.0269169158,6.15344453865428e-07,1.442324389557227e-06
0.001488,8907.8,-0.128,0.00015138048869540855,99.0158965587616,66.64385969798201,1.5263671433822616e-06,0.0015263671433822616,655150.3708236997,6.051209834796993e-07,1.4012941346303733e-06
0.001496,8981.9,-0.128,0.0001412128223715592,99.12938952445984,65.67923939555595,1.6467838355415249e-06,0.0016467838355415248,607244.240815105,6.782189810751996e-07,1.5006385356607945e-06
0.001504,9053.0,-0.14400000000000002,0.00013098696161165934,99.457923412323,68.42006857973433,1.588739465218873e-06,0.001588739465218873,629429.8227571471,5.843365705017403e-07,1.4773773589432778e-06
0.0015119999999999999,9127.4,-0.152,0.00012070827991443967,99.8321442604065,67.85384087991943,1.5975497028856384e-06,0.0015975497028856383,625958.6153680914,6.022292364044758e-07,1.4796908460924105e-06
0.0015199999999999999,9202.3,-0.152,0.00011038229475680901,100.1574056148529,71.04396194345279,1.573936235745587e-06,0.0015739362357455869,635349.7538776032,5.112815084856825e-07,1.4885786822582114e-06
0.0015279999999999998,9286.6,-0.16,0.00010001477108685261,101.38954973220825,66.33104815000308,1.6518535457967945e-06,0.0016518535457967945,605380.5451122097,6.631391283801457e-07,1.5129000737565793e-06
0.001536,9359.4,-0.16,8.961157737838426e-05,101.84565234184265,66.87988082892036,1.5356824745811244e-06,0.0015356824745811244,651176.2793104491,6.030012092269133e-07,1.4123420989287568e-06
0.001544,9360.0,-0.168,7.917849228943893e-05,102.47842121124268,67.64050387178759,1.5380295559252722e-06,0.0015380295559252722,650182.5638834386,5.85092121443515e-07,1.422393097678844e-06
0.001552,9435.2,-0.176,6.87210556796469e-05,102.5389814376831,67.37217020026307,1.5999577566010338e-06,0.001599957756601034,625016.5017634028,6.155736678964057e-07,1.4767985246134216e-06
0.00156,9515.7,-0.184,5.824452070335588e-05,102.59681153297424,68.02403785660158,1.6492260272967852e-06,0.0016492260272967852,606345.0269694572,6.171693562885533e-07,1.5293948067034585e-06
0.001568,9594.7,-0.192,4.775389947629158e-05,103.01783275604248,67.42413349155737,1.5530636753151268e-06,0.0015530636753151269,643888.6028269855,5.962311221954777e-07,1.4340555179311751e-06
0.001576,9675.1,-0.192,3.725412491630468e-05,103.43696236610413,68.1748528383157,1.5246901325984171e-06,0.001524690132598417,655870.9724813222,5.668421511398363e-07,1.41540452738224e-06
0.001584,9675.6,-0.2,2.675025985248723e-05,103.76862788200378,64.75417898396887,1.5514746999326376e-06,0.0015514746999326376,644548.0548560787,6.617082578743673e-07,1.4032875421637356e-06
0.0015919999999999999,9757.3,-0.20800000000000002,1.6247570311101115e-05,105.54893231391907,68.93004982615469,1.5002400260830452e-06,0.0015002400260830451,666560.0054751808,5.393474721322746e-07,1.399937298655258e-06
0.0015999999999999999,9836.0,-0.216,5.751443222597007e-06,105.73189187049866,66.74925705955769,1.5426925322921278e-06,0.0015426925322921277,648217.3077704624,6.089867786021817e-07,1.4174044421680198e-06
0.0016079999999999998,9832.3,-0.224,-4.732839431112856e-06,106.06274175643921,65.26089136154786,1.5582621906427278e-06,0.0015582621906427279,641740.5273675643,6.521126266516476e-07,1.4152491571974744e-06
0.001616,9918.1,-0.232,-1.5200279601697584e-05,106.43671870231628,72.34623628422628,1.5180904858970323e-06,0.0015180904858970322,658722.2627965453,4.6038247797036776e-07,1.4465983192818078e-06
0.001624,9999.5,-0.232,-2.564611941968212e-05,106.77336812019348,66.15510443491564,1.5741351908120571e-06,0.001574135190812057,635269.4519738962,6.363632172959783e-07,1.4397720148084636e-06
0.001632,299.8783,-0.24,-3.606580038763955e-05,107.14779686927795,68.06816639351064,1.655839558462432e-06,0.001655839558462432,603923.2453949663,6.184614266908664e-07,1.536004592136547e-06
0.00164,300.2182,-0.248,-4.645498503502846e-05,107.6138858795166,71.18412461770379,1.520199326718184e-06,0.001520199326718184,657808.4744707829,4.903068153802552e-07,1.4389597700235027e-06
0.001648,300.463,-0.248,-5.680948715959467e-05,108.08146476745605,67.86532851496173,1.5141077187393235e-06,0.0015141077187393235,660454.9911631255,5.704928738344296e-07,1.4025191851985955e-06
0.001656,300.0834,-0.256,-6.712511778097797e-05,108.45801138877869,65.02169480798824,1.4854837119203834e-06,0.0014854837119203834,673181.3967231143,6.272827262372939e-07,1.3465430701411183e-06
0.001664,299.8751,-0.256,-7.739760271804078e-05,108.78585624694824,63.220863956987614,1.5285801673302484e-06,0.0015285801673302485,654201.8674405258,6.887055858325543e-07,1.3646398587167269e-06
0.0016719999999999999,299.8096,-0.272,-8.762271568171668e-05,109.16359853744507,66.6729767842466,1.5631722249105009e-06,0.0015631722249105009,639724.7750850068,6.189828091420609e-07,1.43539809346336e-06
0.0016799999999999999,300.1724,-0.272,-9.779646109365087e-05,109.48973751068115,68.64847199590133,1.5541169440292086e-06,0.0015541169440292087,643452.221431546,5.658368598432724e-07,1.4474488328647031e-06
0.0016879999999999998,299.9402,-0.28,-0.0001079151532441031,109.91099119186401,67.3363064732992,1.5572409522451063e-06,0.0015572409522451064,642161.3807152191,6.000382365772946e-07,1.4369946061118171e-06
0.001696,300.0071,-0.28800000000000003,-0.00011797536957883735,110.32730150222778,66.94181085875687,1.5826232290118813e-06,0.0015826232290118813,631862.3293709363,6.198593682165351e-07,1.4561835902942293e-06
0.001704,300.2884,-0.28800000000000003,-0.00012797375796207958,110.70067691802979,67.26294045664844,1.6676485345971705e-06,0.0016676485345971704,599646.7356603743,6.44550610224511e-07,1.5380527122967213e-06
0.001712,300.3655,-0.296,-0.00013790691824022025,111.03118133544922,68.0138791784974,1.504709004115252e-06,0.0015047090041152519,664580.3256743228,5.633359420868001e-07,1.3952783963849976e-06
0.00172,299.8948,-0.304,-0.00014777141245829055,111.35717296600342,70.4155336479497,1.6496245499590095e-06,0.0016496245499590095,606198.5437988591,5.529478032366586e-07,1.5541910702108728e-06
0.001728,300.2733,-0.304,-0.00015756380451586484,111.73203873634338,65.53234278470063,1.6538915730376032e-06,0.0016538915730376033,604634.5578527618,6.850080084593648e-07,1.505364196369547e-06
0.001736,299.8641,-0.312,-0.00016728075673055329,112.15891075134277,69.03296692751883,1.5881130294669841e-06,0.0015881130294669841,629678.1031609749,5.682756373724724e-07,1.4829584600829897e-06
0.0017439999999999999,300.2029,-0.32,-0.0001769190594546908,112.58404850959778,69.08079795208329,1.6090465110528667e-06,0.0016090465110528667,621486.0745980911,5.745117745813795e-07,1.5029859931478928e-06
0.0017519999999999999,299.8427,-0.328,-0.0001864755987244944,112.90943717956543,67.58889291483823,1.5818271134706952e-06,0.0015818271134706951,632180.338473207,6.030709499314401e-07,1.4623551026545578e-06
0.0017599999999999998,300.0665,-0.328,-0.00019594735616860524,113.2848756313324,70.01387254956725,1.6608663036223692e-06,0.0016608663036223692,602095.4232252097,5.676718343571403e-07,1.5608413010251335e-06
0.0017679999999999998,300.2917,-0.328,-0.00020533140891442958,113.61009979248047,66.93723215294926,1.6129921347556803e-06,0.0016129921347556803,619965.8252837481,6.318724291960859e-07,1.4840757595235913e-06
0.001776,300.2658,-0.336,-0.00021462498911518433,113.93527746200562,64.41595374477305,1.5677569490684191e-06,0.0015677569490684191,637853.973853672,6.770117278578126e-07,1.4140427757657464e-06
0.001784,299.8405,-0.34400000000000003,-0.00022382550895597096,114.36560297012329,70.7161505885806,1.5661436980611698e-06,0.0015661436980611697,638511.0135410719,5.172163566115184e-07,1.4782737647101173e-06
0.001792,299.8031,-0.34400000000000003,-0.00023293046423071852,114.77990508079529,68.22576928643983,1.5545885238092831e-06,0.001554588523809283,643257.0321242639,5.766749288690317e-07,1.4436729216735428e-06
0.0018,299.9169,-0.352,-0.0002419374048519264,115.15713500976562,68.69131549537565,1.5275234185949596e-06,0.0015275234185949595,654654.4477333225,5.550904709779439e-07,1.4230960485453948e-06
0.001808,300.1347,-0.352,-0.0002508440269333607,115.4843168258667,66.3873121813665,1.6439160165225083e-06,0.0016439160165225082,608303.5811740374,6.584737594128013e-07,1.5062775898034213e-06
0.001816,300.168,-0.36,-0.0002596482577004986,115.81889009475708,67.72249215301986,1.5452033711689808e-06,0.0015452033711689807,647164.0035599183,5.857756703414753e-07,1.4298672393995108e-06
0.0018239999999999999,300.2153,-0.368,-0.0002683482142542627,116.18550038337708,67.58693817539822,1.59290995690934e-06,0.00159290995690934,627781.8753423202,6.073465193684491e-07,1.4725801629221907e-06
0.0018319999999999999,299.9004,-0.368,-0.00027694204585694234,116.6127610206604,69.13425470005868,1.609177637784274e-06,0.001609177637784274,621435.4316885305,5.731559490663842e-07,1.5036438833695926e-06
0.0018399999999999998,300.039,-0.376,-0.0002854277882842526,116.98341488838196,67.00615370439925,1.5461482913263343e-06,0.0015461482913263344,646768.4927829069,6.039754041231391e-07,1.4233018829417861e-06
0.0018479999999999998,300.1438,-0.376,-0.00029380331920826174,117.36349058151245,67.22379707133393,1.5453674629415182e-06,0.0015453674629415182,647095.2857364794,5.982622304143634e-07,1.4248659232285456e-06
0.001856,300.0352,-0.384,-0.00030206646672642105,117.7356948852539,66.75177398789106,1.5244680378831258e-06,0.0015244680378831258,655966.5241578949,6.017310245412718e-07,1.400686464784942e-06
0.001864,300.2796,-0.384,-0.00031021513986376035,118.10852241516113,69.24997514114125,1.5669490529887916e-06,0.0015669490529887915,638182.8420602473,5.551566422250382e-07,1.4653089903688888e-06
0.001872,299.7985,-0.392,-0.00031824732992771234,118.43538689613342,72.35895550565846,1.5333196549551064e-06,0.0015333196549551064,652179.7309311075,4.646765728747267e-07,1.4612134843660064e-06
0.00188,300.207,-0.392,-0.00032616108193354713,118.85773348808289,64.40898824788255,1.5305921822520404e-06,0.0015305921822520404,653341.8970745347,6.611305212105077e-07,1.3804415461347815e-06
0.001888,300.1295,-0.4,-0.00033395446826382455,119.28593468666077,66.71805410272705,1.5630835333657154e-06,0.0015630835333657154,639761.0739630442,6.178182657784228e-07,1.4358031629543068e-06
0.001896,299.9365,-0.4,-0.00034162553465665805,119.60721468925476,68.88468900821584,1.593055499944375e-06,0.0015930554999443749,627724.5206051624,5.738920402440534e-07,1.4860934533358055e-06
0.0019039999999999999,299.8518,-0.40800000000000003,-0.00034917228040893774,119.93963027000427,68.0363193232933,1.5829356700181525e-06,0.0015829356700181524,631737.6119198403,5.920476744113181e-07,1.4680479851285405e-06
0.0019119999999999999,299.9908,-0.40800000000000003,-0.0003565927000783956,120.31984496116638,67.11817527365716,1.670448761120114e-06,0.001670448761120114,598641.5287167822,6.495234543275639e-07,1.538999137688554e-06
0.0019199999999999998,300.0301,-0.41600000000000004,-0.00036388482227671685,120.64168119430542,67.71065107617892,1.573196058771391e-06,0.001573196058771391,635648.6811827916,5.966883454548337e-07,1.4556472298370272e-06
0.0019279999999999998,299.8588,-0.41600000000000004,-0.00037104662640561134,121.10884857177734,69.32155963291137,1.576521162850271e-06,0.0015765211628502708,634308.0090292288,5.567056046927214e-07,1.4749568965290076e-06
0.001936,299.8356,-0.41600000000000004,-0.0003780759660885442,121.53198671340942,67.38588956970176,1.4937963271965914e-06,0.0014937963271965914,669435.3050637771,5.743985569277204e-07,1.3789466142477664e-06
0.001944,299.8385,-0.41600000000000004,-0.0003849707077202247,121.86475944519043,63.60507181178605,1.5776206963802446e-06,0.0015776206963802445,633865.9237257977,7.013405715058841e-07,1.4131554990188049e-06
0.001952,299.8088,-0.424,-0.0003917289481722136,122.23542189598083,71.3881856127671,1.604314374224073e-06,0.0016043143742240729,623319.2297386541,5.120245246635862e-07,1.5204129365027801e-06
0.00196,299.8602,-0.424,-0.0003983491261201489,122.56991577148438,69.03062645046379,1.5614732806956386e-06,0.0015614732806956387,640420.8207485296,5.588026775404082e-07,1.4580597977792513e-06
0.0019679999999999997,299.8285,-0.432,-0.00040482997507613214,122.88959550857544,68.58380305860334,1.526922991636755e-06,0.001526922991636755,654911.8753710492,5.575406151792008e-07,1.4214929774059862e-06
0.001976,299.87,-0.432,-0.0004111703898670839,123.36426186561584,66.41288649023872,1.5075521470038651e-06,0.0015075521470038651,663326.9714665705,6.032363207901599e-07,1.3816003102256147e-06
0.001984,299.8049,-0.432,-0.00041736936256811605,123.81234216690063,68.47996709027234,1.5764595708803018e-06,0.001576459570880302,634332.791320234,5.782871715773113e-07,1.4665635771453002e-06
0.001992,300.2115,-0.432,-0.0004234259529979392,124.10824775695801,68.52248347316748,1.6116969458836493e-06,0.0016116969458836493,620464.0410556386,5.901004224916849e-07,1.4997828298609828e-06
0.002,299.8628,-0.44,-0.00042933923161395365,124.44298696517944,66.69080279551062,1.5760386053527568e-06,0.0015760386053527567,634502.2238691768,6.236273301683051e-07,1.4474068669967732e-06
0.002008,299.8491,-0.44,-0.0004351082566935745,124.81005644798279,68.9515139713204,1.5137500410620807e-06,0.0015137500410620807,660611.0473155646,5.436752177828388e-07,1.4127478346768872e-06
0.002016,300.2432,-0.44,-0.000440732113086017,125.138108253479,70.27678163572023,1.6369091334387914e-06,0.0016369091334387915,610907.4594135941,5.524187733222705e-07,1.5408779997184894e-06
0.0020239999999999998,300.0911,-0.44,-0.00044621000775366544,125.56267976760864,66.38773760914535,1.5671440860615372e-06,0.0015671440860615372,638103.4193946688,6.277119512824916e-07,1.4359381228642054e-06
0.002032,299.9543,-0.448,-0.0004515413578835958,125.98715949058533,66.709486838468,1.5641550465480337e-06,0.0015641550465480337,639322.8102335001,6.184566194322293e-07,1.436694963978833e-06
0.0020399999999999997,300.2156,-0.448,-0.0004567257824184252,126.31323719024658,65.5612007979326,1.508837934908087e-06,0.001508837934908087,662761.7034701057,6.242379787940166e-07,1.373651651492787e-06
0.002048,299.9295,-0.448,-0.00046176297452303367,126.69156098365784,67.69402920469122,1.5238887884765227e-06,0.0015238887884765227,656215.8653320955,5.783959115579002e-07,1.4098564498336523e-06
0.002056,299.9913,-0.448,-0.0004666525538206124,127.0169792175293,65.72545307165919,1.6149977850016188e-06,0.0016149977850016188,619195.8956767224,6.639408290294298e-07,1.4722093672802955e-06
0.002064,299.8889,-0.456,-0.0004713940792522588,127.3907642364502,67.60175553780829,1.616985280675555e-06,0.001616985280675555,618434.8193832743,6.161393831925623e-07,1.494996206818095e-06
0.002072,299.8462,-0.456,-0.0004759871805422352,127.76817393302917,69.04976582918891,1.5773730949220413e-06,0.0015773730949220413,633965.4221434676,5.640006772527612e-07,1.473095080652422e-06
0.00208,300.0301,-0.456,-0.000480431560382631,128.18627500534058,67.06075306710736,1.5803468979585776e-06,0.0015803468979585776,632772.463622864,6.1594788386059e-07,1.4553709225674943e-06
0.002088,300.2475,-0.456,-0.00048472687712236844,128.5643858909607,67.22366897859621,1.6072202721733276e-06,0.0016072202721733276,622192.25162446,6.222107865171985e-07,1.4818943081159851e-06
0.0020959999999999998,299.8224,-0.456,-0.0004888727558712467,128.8901355266571,68.77373840137898,1.5698974766995348e-06,0.0015698974766995349,636984.2711654932,5.683843076743344e-07,1.4633924170013777e-06
0.002104,300.2247,-0.456,-0.0004928689182582888,129.26622128486633,70.05353460816127,1.5763116241070521e-06,0.0015763116241070522,634392.3274476132,5.377460803578381e-07,1.48175149379199e-06
0.0021119999999999997,299.9537,-0.456,-0.0004967152127709807,129.59463262557983,68.15854183762167,1.546969236655735e-06,0.001546969236655735,646425.2658067186,5.755337748379468e-07,1.4359229412402363e-06
0.00212,299.8431,-0.464,-0.0005004115531107491,130.0661416053772,69.21115270182077,1.5755012978128259e-06,0.0015755012978128258,634718.6139346506,5.591847832942421e-07,1.472927940376606e-06
0.002128,299.8326,-0.456,-0.0005039578611521545,130.4842209815979,64.5033544006053,1.590980156230904e-06,0.001590980156230904,628543.3517719292,6.848505400608977e-07,1.4360353739719675e-06
0.002136,300.1816,-0.464,-0.0005073539845114597,130.86212611198425,68.34689559049528,1.6583651522238664e-06,0.0016583651522238665,603003.5053854097,6.119137807698482e-07,1.5413424353512227e-06
0.002144,299.8768,-0.464,-0.000510599620710263,131.18786764144897,67.56032095104152,1.6315135600774377e-06,0.0016315135600774378,612927.7895505425,6.227659560160057e-07,1.5079784682627353e-06
0.002152,299.8441,-0.464,-0.0005136943072953447,131.5653474330902,67.29550909687481,1.5472926767466931e-06,0.001547292676746693,646290.1395633696,5.972214753267639e-07,1.4273896233763471e-06
0.00216,300.0452,-0.464,-0.0005166374729573709,131.89203071594238,72.38140454379675,1.6570572688648467e-06,0.0016570572688648466,603479.4444280382,5.015568259896768e-07,1.579328826622558e-06
0.002168,300.2784,-0.464,-0.0005194285746966683,132.3108992576599,68.0817044260638,1.6505355710530483e-06,0.0016505355710530482,605863.9495797089,6.161185834450868e-07,1.5312300814851542e-06
0.002176,299.8024,-0.464,-0.0005220672544830468,132.73928570747375,68.27364621317287,1.6089734749810671e-06,0.0016089734749810672,621514.2856918552,5.956002795293661e-07,1.4946758679450176e-06
0.0021839999999999997,299.8494,-0.464,-0.0005245533345780093,133.06217646598816,66.91635697405394,1.609195363745167e-06,0.0016091953637451671,621428.5863169815,6.309244791807895e-07,1.4803526675320953e-06
0.002192,299.8384,-0.464,-0.0005268866637462293,133.43868827819824,67.66714002269305,1.6456688607806682e-06,0.0016456688607806682,607655.6613738334,6.253323102406838e-07,1.5222304362717859e-06
0.0021999999999999997,300.2667,-0.464,-0.000529067034800386,133.7653467655182,67.87490782746289,1.789430055689207e-06,0.001789430055689207,558837.1542216248,6.739530274662913e-07,1.6576631868304547e-06
0.002208,299.8554,-0.464,-0.0005310942577613861,134.10050773620605,67.89676311428974,1.610636739791304e-06,0.0016106367397913039,620872.46322816,6.060449261691635e-07,1.4922668176402547e-06
0.002216,299.8383,-0.464,-0.000532968227558852,134.5128984451294,67.33832090650083,1.6673212926176764e-06,0.0016673212926176764,599764.4271848834,6.424004511466382e-07,1.5385973980164124e-06
0.002224,299.8157,-0.464,-0.0005346888374135079,134.93841075897217,64.50478345099515,1.5230882268030808e-06,0.0015230882268030808,656560.7838089404,6.555916098138617e-07,1.374771758426766e-06
0.002232,300.3319,-0.456,-0.000536255839290532,135.316011428833,65.71000348725607,1.6650250207318615e-06,0.0016650250207318614,600591.5752307735,6.849167453341554e-07,1.5176288649152676e-06
0.00224,300.2532,-0.456,-0.0005376688943626833,135.64019131660461,66.80616647264247,1.6196521917905357e-06,0.0016196521917905358,617416.5077345981,6.378886541003177e-07,1.4887482283253846e-06
0.002248,299.9869,-0.456,-0.0005389277989429351,135.97377371788025,66.53922241757411,1.5983691518961969e-06,0.0015983691518961969,625637.7000354817,6.3634463296506e-07,1.466236493144926e-06
0.0022559999999999998,299.8616,-0.456,-0.0005400325737816356,136.34118556976318,69.13066285420297,1.659000090963823e-06,0.001659000090963823,602772.7216211506,5.909988613621304e-07,1.5501618133880856e-06
0.002264,300.1685,-0.456,-0.0005409833373628641,136.7637004852295,69.23705278235667,1.635989639094933e-06,0.001635989639094933,611250.8148604308,5.79962160065427e-07,1.5297404982931626e-06
0.0022719999999999997,300.2372,-0.456,-0.0005417801886276163,137.1900565624237,70.97639493289307,1.5497492827415594e-06,0.0015497492827415593,645265.6640246776,5.0515266120417e-07,1.4651087428025e-06
0.00228,300.1152,-0.456,-0.0005424231881967895,137.56053018569946,65.21627809955515,1.5543168827676667e-06,0.0015543168827676667,643369.4512919191,6.515605602006261e-07,1.4111590301761324e-06
0.002288,299.763,-0.448,-0.0005429123710615622,137.89269924163818,64.87057460838918,1.6562456663111103e-06,0.0016562456663111102,603775.1647237574,7.033486379247897e-07,1.4994833779351063e-06
0.002296,299.8536,-0.448,-0.000543247758507706,138.2219066619873,69.25523166130654,1.6214918428816962e-06,0.0016214918428816962,616716.0225874537,5.743415715148542e-07,1.5163665637838783e-06
0.002304,300.1201,-0.448,-0.0005434293394842863,138.59699964523315,68.19670559692315,1.6095377817047995e-06,0.0016095377817047995,621296.381710788,5.978164884194699e-07,1.4943986472521383e-06
0.002312,300.2436,-0.448,-0.0005434570237892622,139.01696634292603,65.16356686937107,1.639056417255706e-06,0.001639056417255706,610107.1259489123,6.884516104593865e-07,1.4874610310871973e-06
0.00232,299.7972,-0.448,-0.0005433306886044232,139.44410753250122,69.67414273385361,1.5985140107949345e-06,0.0015985140107949345,625581.0041369009,5.552580369036265e-07,1.4989781703419296e-06
0.0023279999999999998,299.8996,-0.44,-0.000543050311171202,139.76423859596252,67.15665862382318,1.6207908336644617e-06,0.0016207908336644617,616982.7588049041,6.29211777953115e-07,1.4936718063134956e-06
0.002336,299.8683,-0.44,-0.0005426160018018971,140.10033679008484,68.14416698677815,1.5968080118041198e-06,0.0015968080118041199,626249.3628587015,5.944476157003295e-07,1.4820350396498792e-06
0.0023439999999999997,300.026,-0.44,-0.0005420279148584165,140.46620845794678,71.48718773679946,1.5768967746456856e-06,0.0015768967746456856,634156.9188792913,5.006910742879922e-07,1.4952965879772155e-06
0.002352,299.9805,-0.432,-0.0005412861366449662,140.8038911819458,64.72626839336675,1.663305254532048e-06,0.0016633052545320481,601212.5539045078,7.101370738690232e-07,1.5040909899572774e-06
0.0023599999999999997,299.8354,-0.432,-0.0005403906119260234,141.27088403701782,68.80979119281906,1.5233312171348669e-06,0.0015233312171348669,656456.0541737168,5.506312860391759e-07,1.4203320681912516e-06
0.002368,300.2362,-0.432,-0.0005393411361826365,141.6878604888916,65.37545506256288,1.5337683753477392e-06,0.0015337683753477392,651988.9287541725,6.390756703175082e-07,1.3942839441179372e-06
0.002376,299.9415,-0.432,-0.0005381374086589679,142.02292847633362,64.877603720889,1.5721977776288763e-06,0.0015721977776288762,636052.2920393379,6.674818601445733e-07,1.4234724508606122e-06
0.002384,299.8309,-0.424,-0.0005367791414430172,142.38943362236023,69.05602541035256,1.5902590255054211e-06,0.001590259025505421,628828.375730914,5.684458768006975e-07,1.4851912514385942e-06
0.002392,299.9029,-0.424,-0.0005352661603864223,142.72528553009033,69.6442344620115,1.6027506367792163e-06,0.0016027506367792164,623927.376506638,5.575141278135663e-07,1.502660174818133e-06
0.0024,299.8483,-0.41600000000000004,-0.0005335984385496787,143.05037689208984,67.77491386654324,1.597810550345078e-06,0.001597810550345078,625856.4257095628,6.043656566874552e-07,1.479101317628641e-06
0.002408,299.8759,-0.41600000000000004,-0.0005317760671769059,143.47626066207886,67.84053916249502,1.5395233423890005e-06,0.0015395233423890005,649551.6972469029,5.806860357662356e-07,1.4258105938821937e-06
0.0024159999999999997,299.8644,-0.41600000000000004,-0.0005297991690113306,143.89458227157593,65.85536401623528,1.5650297789801146e-06,0.0015650297789801147,638965.4774822698,6.401620895147448e-07,1.428114389060856e-06
0.002424,300.2323,-0.40800000000000003,-0.0005276678182007537,144.27225852012634,64.68108818633851,1.582039780220715e-06,0.001582039780220715,632095.3572106052,6.765692056408058e-07,1.4300713185639997e-06
0.0024319999999999997,300.2379,-0.40800000000000003,-0.0005253819963465687,144.59961032867432,66.03409460243236,1.576628738405221e-06,0.001576628738405221,634264.7293182745,6.404154845051708e-07,1.4407033650169788e-06
0.00244,299.8313,-0.4,-0.000522941552280273,144.92915320396423,67.0007542647744,1.510754056922554e-06,0.001510754056922554,661921.1084807719,5.902803303170784e-07,1.3906642125792681e-06
0.002448,299.8355,-0.4,-0.0005203462250395203,145.29484105110168,72.57926446694148,1.6048948462221524e-06,0.0016048948462221524,623093.7823458984,4.804832336553056e-07,1.5312815970965521e-06
0.002456,299.822,-0.4,-0.0005175957251947139,145.72433638572693,68.76816142452077,1.6317231666126078e-06,0.001631723166612608,612849.0545831743,5.909164624403732e-07,1.520966214903287e-06
0.002464,299.8725,-0.392,-0.0005146897804269077,146.1432008743286,67.43062862466707,1.5880209787121183e-06,0.0015880209787121184,629714.6028958622,6.09485225853355e-07,1.4664032147728943e-06
0.002472,300.2814,-0.392,-0.0005116281181170787,146.47076034545898,66.67856105488704,1.5758968297637068e-06,0.0015758968297637068,634559.3068741321,6.238804395564335e-07,1.4471433982844177e-06
0.00248,299.8786,-0.384,-0.000508410419584608,146.79680585861206,68.92349080501953,1.6025673172568918e-06,0.0016025673172568918,623998.7482782914,5.763060831163631e-07,1.4953572499249224e-06
0.0024879999999999998,299.9183,-0.376,-0.0005050363377016137,147.17433261871338,68.2037483663548,1.5232745452531233e-06,0.0015232745452531233,656480.4769542246,5.656026416755527e-07,1.4143758312222907e-06
0.002496,300.1416,-0.376,-0.0005015055432178037,147.50082969665527,69.36320623483425,1.567723023213039e-06,0.001567723023213039,637867.7771475895,5.525325153445751e-07,1.4671275667095986e-06
0.0025039999999999997,300.3042,-0.368,-0.0004978177080427219,,,,,,,
0.002512,299.9737,-0.368,-0.0004939724899385361,,,,,,,
0.0025199999999999997,300.1929,-0.36,-0.0004899695483762112,,,,,,,
0.002528,300.0685,-0.36,-0.00048580864877369894,,,,,,,
0.002536,300.2856,-0.352,-0.0004814898779177835,,,,,,,
0.002544,299.8979,-0.352,-0.00047701375279387377,,,,,,,
0.002552,300.1945,-0.34400000000000003,-0.00047238114110985017,,,,,,,
0.0025599999999999998,299.918,-0.34400000000000003,-0.00046759312724590585,,,,,,,
0.002568,300.2693,-0.336,-0.0004626509473989018,,,,,,,
0.0025759999999999997,299.9102,-0.328,-0.0004575559888581416,,,,,,,
0.002584,299.9687,-0.328,-0.00045230966966388584,,,,,,,
0.0025919999999999997,299.788,-0.32,-0.0004469132080643782,,,,,,,
0.0026,299.6629,-0.32,-0.0004413674995079724,,,,,,,
0.002608,299.798,-0.312,-0.00043567318284619405,,,,,,,
0.002616,299.8403,-0.304,-0.000429830821605424,,,,,,,
0.002624,299.8009,-0.304,-0.00042384098238451985,,,,,,,
0.002632,299.8552,-0.296,-0.00041770418812824456,,,,,,,
0.00264,300.1384,-0.28800000000000003,-0.00041142102421799987,,,,,,,
0.0026479999999999997,300.192,-0.28800000000000003,-0.00040499238548250287,,,,,,,
0.002656,300.2478,-0.28,-0.00039841955456645066,,,,,,,
0.0026639999999999997,300.1861,-0.272,-0.0003917040347372218,,,,,,,
0.002672,300.2493,-0.264,-0.00038484742453387275,,,,,,,
0.00268,299.809,-0.264,-0.00037785148051660135,,,,,,,
0.002688,299.8465,-0.256,-0.0003707181151596525,,,,,,,
0.002696,300.0288,-0.248,-0.00036344927516954845,,,,,,,
0.002704,299.9492,-0.248,-0.0003560468885244127,,,,,,,
0.002712,299.8911,-0.24,-0.0003485129348097714,,,,,,,
0.0027199999999999998,300.2824,-0.232,-0.00034084956966887864,,,,,,,
0.002728,299.8243,-0.232,-0.0003330591200062276,,,,,,,
0.0027359999999999997,299.8095,-0.216,-0.0003251439597384473,,,,,,,
0.002744,299.8238,-0.216,-0.0003171064245721488,,,,,,,
0.0027519999999999997,299.7999,-0.20800000000000002,-0.0003089487929170305,,,,,,,
0.00276,299.9727,-0.2,-0.00030067335779463853,,,,,,,
0.002768,299.8817,-0.192,-0.00029228249319269956,,,,,,,
0.002776,299.8376,-0.184,-0.00028377865545606523,,,,,,,
0.002784,299.8416,-0.184,-0.00027516438425178577,,,,,,,
0.0027919999999999998,300.2978,-0.176,-0.00026644224350339907,,,,,,,
0.0028,300.2049,-0.168,-0.00025761476664045726,,,,,,,
0.0028079999999999997,299.8859,-0.168,-0.0002486844954378911,,,,,,,
0.002816,299.8723,-0.152,-0.00023965404560969005,,,,,,,
0.0028239999999999997,300.3201,-0.152,-0.00023052610748898215,,,,,,,
0.002832,299.9331,-0.14400000000000002,-0.0002213033270774127,,,,,,,
0.00284,299.8643,-0.136,-0.00021198831538721193,,,,,,,
0.002848,299.9112,-0.136,-0.00020258386576739508,,,,,,,
0.002856,299.8054,-0.12,-0.00019309300503851084,,,,,,,
0.002864,299.811,-0.112,-0.00018351883123310484,,,,,,,
0.002872,300.2635,-0.112,-0.00017386439308970667,,,,,,,
0.0028799999999999997,300.2762,-0.10400000000000001,-0.00016413272774631427,,,,,,,
0.002888,299.8253,-0.096,-0.0001543269550931406,,,,,,,
0.0028959999999999997,299.838,-0.088,-0.00014445024532486048,,,,,,,
0.002904,300.191,-0.08,-0.00013450575883031235,,,,,,,
0.0029119999999999997,300.2311,-0.08,-0.0001244966501312516,,,,,,,
0.00292,300.1846,-0.07200000000000001,-0.0001144260713765247,,,,,,,
0.002928,300.033,-0.064,-0.00010429720522601764,,,,,,,
0.002936,299.7959,-0.056,-9.411323535579042e-05,,,,,,,
0.002944,300.2283,-0.048,-8.387725939552804e-05,,,,,,,
0.0029519999999999998,300.2817,-0.048,-7.359226817403217e-05,,,,,,,
0.00296,299.835,-0.032,-6.326109687449819e-05,,,,,,,
0.0029679999999999997,300.2299,-0.024,-5.288635038056418e-05,,,,,,,
0.002976,299.9133,-0.024,-4.247039444266717e-05,,,,,,,
0.0029839999999999997,300.1194,-0.008,-3.201549715766657e-05,,,,,,,
0.002992,300.1644,-0.008,-2.1524108959252295e-05,,,,,,,
0.003,300.2452,0.0,-1.0998971649835949e-05,,,,,,,
0.003008,299.8474,0.008,-4.429796444310898e-07,,,,,,,
0.003016,299.8176,0.008,1.0141008520893731e-05,,,,,,,
0.0030239999999999998,299.8693,0.008,2.0750225211032467e-05,,,,,,,
0.003032,299.855,0.016,3.1381805938226004e-05,,,,,,,
0.0030399999999999997,300.0585,0.024,4.2032675925021724e-05,,,,,,,
0.003048,299.894,0.032,5.269971439728203e-05,,,,,,,
0.0030559999999999997,300.202,0.032,6.337993657675111e-05,,,,,,,
0.003064,300.0084,0.04,7.407051260817153e-05,,,,,,,
0.003072,299.9945,0.048,8.476860589961286e-05,,,,,,,
0.00308,299.9437,0.056,9.54712835461191e-05,,,,,,,
0.003088,,0.07200000000000001,0.00010617570234108887,,,,,,,
0.003096,,0.07200000000000001,0.00011687928062036068,,,,,,,
0.003104,,0.08,0.00012757955835646876,,,,,,,
0.0031119999999999997,,0.088,0.0001382738589720962,,,,,,,
0.00312,,0.088,0.0001489591266719226,,,,,,,
0.0031279999999999997,,0.10400000000000001,0.00015963204575466332,,,,,,,
0.003136,,0.10400000000000001,0.00017028924132685301,,,,,,,
0.0031439999999999997,,0.112,0.00018092743541139213,,,,,,,
0.003152,,0.12,0.000191543501739493,,,,,,,
0.00316,,0.12,0.000202134575800276,,,,,,,
0.003168,,0.128,0.00021269824543395613,,,,,,,
0.003176,,0.136,0.00022323251714100173,,,,,,,
0.0031839999999999998,,0.14400000000000002,0.0002337356348013135,,,,,,,
0.003192,,0.152,0.0002442059413870019,,,,,,,
0.0031999999999999997,,0.152,0.00025464178081359195,,,,,,,
0.003208,,0.16,0.0002650414968057181,,,,,,,
0.0032159999999999997,,0.176,0.00027540343199083825,,,,,,,
0.003224,,0.176,0.0002857258973944362,,,,,,,
0.003232,,0.184,0.0002960071444863408,,,,,,,
0.00324,,0.192,0.00030624530985946525,,,,,,,
0.003248,,0.192,0.00031643851366719206,,,,,,,
0.0032559999999999998,,0.2,0.0003265850104406651,,,,,,,
0.003264,,0.2,0.0003366831493575846,,,,,,,
0.0032719999999999997,,0.216,0.0003467313672064948,,,,,,,
0.00328,,0.224,0.0003567282712117731,,,,,,,
0.0032879999999999997,,0.224,0.0003666725363354211,,,,,,,
0.003296,,0.232,0.0003765626314129889,,,,,,,
0.0033039999999999996,,0.24,0.00038639671586347695,,,,,,,
0.003312,,0.248,0.00039617281362873706,,,,,,,
0.00332,,0.256,0.00040588888507324524,,,,,,,
0.003328,,0.256,0.00041554268511670884,,,,,,,
0.003336,,0.264,0.00042513178199176814,,,,,,,
0.0033439999999999998,,0.272,0.00043465384366815553,,,,,,,
0.003352,,0.272,0.0004441068726777994,,,,,,,
0.0033599999999999997,,0.28,0.0004534891838433769,,,,,,,
0.003368,,0.28,0.00046279932331728756,,,,,,,
0.0033759999999999997,,0.28800000000000003,0.0004720360230424631,,,,,,,
0.003384,,0.296,0.00048119812844704907,,,,,,,
0.003392,,0.296,0.0004902846506742913,,,,,,,
0.0034,,0.304,0.0004992948144931844,,,,,,,
0.003408,,0.304,0.0005082278933686159,,,,,,,
0.0034159999999999998,,0.32,0.0005170830569959819,,,,,,,
0.003424,,0.328,0.0005258593798800226,,,,,,,
0.0034319999999999997,,0.328,0.0005345559689234814,,,,,,,
0.00344,,0.336,0.0005431720515631374,,,,,,,
0.0034479999999999997,,0.336,0.0005517069079217456,,,,,,,
0.003456,,0.336,0.0005601598676858748,,,,,,,
0.0034639999999999996,,0.34400000000000003,0.000568530396624789,,,,,,,
0.003472,,0.34400000000000003,0.0005768180570005152,,,,,,,
0.00348,,0.352,0.0005850223813487967,,,,,,,
0.0034879999999999998,,0.36,0.0005931427858233032,,,,,,,
0.003496,,0.36,0.000601178550182643,,,,,,,
0.0035039999999999997,,0.368,0.0006091287998126542,,,,,,,
0.003512,,0.368,0.0006169925195073319,,,,,,,
0.0035199999999999997,,0.376,0.0006247686860115887,,,,,,,
0.003528,,0.384,0.0006324563906837478,,,,,,,
0.0035359999999999996,,0.384,0.000640054893030759,,,,,,,
0.003544,,0.392,0.000647563610185359,,,,,,,
0.003552,,0.392,0.0006549820173865738,,,,,,,
0.00356,,0.392,0.0006623096453772536,,,,,,,
0.003568,,0.4,0.0006695461673791162,,,,,,,
0.0035759999999999998,,0.4,0.0006766913300849852,,,,,,,
0.003584,,0.40800000000000003,0.0006837447406865049,,,,,,,
0.0035919999999999997,,0.40800000000000003,0.0006907057599909335,,,,,,,
0.0036,,0.40800000000000003,0.000697573672800815,,,,,,,
0.0036079999999999997,,0.41600000000000004,0.0007043479053569327,,,,,,,
0.003616,,0.41600000000000004,0.0007110280173076671,,,,,,,
0.003624,,0.424,0.0007176135747447375,,,,,,,
0.003632,,0.424,0.0007241040329452504,,,,,,,
0.00364,,0.424,0.0007304986284385539,,,,,,,
0.0036479999999999998,,0.432,0.0007367962800253133,,,,,,,
0.003656,,0.432,0.0007429955580116755,,,,,,,
0.0036639999999999997,,0.432,0.0007490947464185582,,,,,,,
0.003672,,0.44,0.0007550918717049691,,,,,,,
0.0036799999999999997,,0.44,0.0007609846706637513,,,,,,,
0.003688,,0.44,0.0007667705916551311,,,,,,,
0.0036959999999999996,,0.44,0.0007724468564832764,,,,,,,
0.003704,,0.44,0.0007780105483424293,,,,,,,
0.003712,,0.448,0.0007834586341694932,,,,,,,
0.0037199999999999998,,0.448,0.000788787956131059,,,,,,,
0.003728,,0.448,0.0007939952840597668,,,,,,,
0.0037359999999999997,,0.448,0.0007990773346344272,,,,,,,
0.003744,,0.448,0.0008040307299601718,,,,,,,
0.0037519999999999997,,0.456,0.0008088519897118537,,,,,,,
0.00376,,0.456,0.0008135375841437177,,,,,,,
0.0037679999999999996,,0.456,0.0008180840432030068,,,,,,,
0.003776,,0.456,0.0008224880575463571,,,,,,,
0.003784,,0.456,0.0008267464823261846,,,,,,,
0.003792,,0.456,0.0008308562510947014,,,,,,,
0.0038,,0.456,0.0008348142963274329,,,,,,,
0.0038079999999999998,,0.456,0.0008386175359283218,,,,,,,
0.003816,,0.456,0.0008422629207599908,,,,,,,
0.0038239999999999997,,0.456,0.0008457475086216427,,,,,,,
0.003832,,0.456,0.0008490684431940326,,,,,,,
0.0038399999999999997,,0.456,0.000852222845211094,,,,,,,
0.003848,,0.456,0.0008552078017140757,,,,,,,
0.0038559999999999996,,0.456,0.0008580204459923966,,,,,,,
0.003864,,0.456,0.0008606580018494685,,,,,,,
0.003872,,0.456,0.000863117794762158,,,,,,,
0.0038799999999999998,,0.456,0.0008653972920314009,,,,,,,
0.003888,,0.456,0.0008674942292277154,,,,,,,
0.0038959999999999997,,0.456,0.0008694067563764698,,,,,,,
0.003904,,0.456,0.0008711333634224553,,,,,,,
0.003912,,0.456,0.0008726725720833449,,,,,,,
0.00392,,0.456,0.0008740227704618516,,,,,,,
0.003928,,0.456,0.0008751822695375489,,,,,,,
0.003935999999999999,,0.448,0.0008761492664323165,,,,,,,
0.003944,,0.448,0.000876921751444457,,,,,,,
0.003952,,0.448,0.0008774976019089364,,,,,,,
0.00396,,0.448,0.0008778747888329459,,,,,,,
0.003968,,0.448,0.0008780514784535809,,,,,,,
0.0039759999999999995,,0.448,0.0008780260065549832,,,,,,,
0.003984,,0.44,0.0008777968545053248,,,,,,,
0.003992,,0.44,0.0008773626269453207,,,,,,,
0.004,,0.44,0.0008767220608749976,,,,,,,
0.004007999999999999,,0.44,0.000875874153164688,,,,,,,
0.004016,,0.432,0.0008748182480569961,,,,,,,
0.004024,,0.432,0.0008735539979700854,,,,,,,
0.004032,,0.432,0.0008720812967376768,,,,,,,
0.00404,,0.424,0.0008704002173683046,,,,,,,
0.0040479999999999995,,0.424,0.0008685110137794311,,,,,,,
0.004056,,0.424,0.0008664141816411449,,,,,,,
0.004064,,0.41600000000000004,0.0008641104842141106,,,,,,,
0.004072,,0.41600000000000004,0.0008616009159259074,,,,,,,
0.004079999999999999,,0.41600000000000004,0.0008588866383078378,,,,,,,
0.004088,,0.41600000000000004,0.0008559689501899467,,,,,,,
0.004096,,0.40800000000000003,0.0008528492598226114,,,,,,,
0.004104,,0.40800000000000003,0.0008495290886657324,,,,,,,
0.004112,,0.40800000000000003,0.0008460101938658062,,,,,,,
0.0041199999999999995,,0.4,0.0008422946509819557,,,,,,,
0.004128,,0.4,0.0008383847804522903,,,,,,,
0.004136,,0.392,0.0008342830192794559,,,,,,,
0.004144,,0.384,0.0008299918617083792,,,,,,,
0.0041519999999999994,,0.384,0.0008255138638375573,,,,,,,
0.00416,,0.384,0.0008208515880462495,,,,,,,
0.004168,,0.376,0.0008160075813994514,,,,,,,
0.004176,,0.376,0.0008109844451453968,,,,,,,
0.004184,,0.368,0.0008057848093123804,,,,,,,
0.0041919999999999995,,0.368,0.0008004112792934597,,,,,,,
0.0042,,0.36,0.0007948664461388202,,,,,,,
0.004208,,0.352,0.0007891528662569958,,,,,,,
0.004216,,0.352,0.0007832730725298268,,,,,,,
0.0042239999999999995,,0.34400000000000003,0.0007772296442409204,,,,,,,
0.004232,,0.34400000000000003,0.0007710251820829136,,,,,,,
0.00424,,0.336,0.0007646621358796834,,,,,,,
0.004248,,0.328,0.0007581427352071515,,,,,,,
0.004256,,0.328,0.0007514691942135107,,,,,,,
0.0042639999999999996,,0.32,0.0007446438711233609,,,,,,,
0.004272,,0.312,0.0007376691766839386,,,,,,,
0.00428,,0.312,0.0007305474297217115,,,,,,,
0.004288,,0.304,0.0007232808133142483,,,,,,,
0.0042959999999999995,,0.304,0.000715871483716814,,,,,,,
0.004304,,0.296,0.0007083217307075688,,,,,,,
0.004312,,0.28800000000000003,0.0007006340657178281,,,,,,,
0.00432,,0.28800000000000003,0.0006928112429422563,,,,,,,
0.004327999999999999,,0.28,0.0006848561587997232,,,,,,,
0.004336,,0.272,0.0006767716690606945,,,,,,,
0.004344,,0.264,0.0006685604198599819,,,,,,,
0.004352,,0.256,0.0006602247516801686,,,,,,,
0.00436,,0.256,0.0006517667605186672,,,,,,,
0.0043679999999999995,,0.248,0.0006431883849091714,,,,,,,
0.004376,,0.24,0.0006344913675242015,,,,,,,
0.004384,,0.24,0.0006256771606141413,,,,,,,
0.004392,,0.232,0.0006167469885294076,,,,,,,
0.004399999999999999,,0.224,0.0006077021446929404,,,,,,,
0.004408,,0.216,0.0005985441466158612,,,,,,,
0.004416,,0.20800000000000002,0.0005892746101724541,,,,,,,
0.004424,,0.20800000000000002,0.0005798951629035525,,,,,,,
0.004432,,0.2,0.0005704074532713699,,,,,,,
0.0044399999999999995,,0.192,0.0005608131591251362,,,,,,,
0.004448,,0.192,0.000551113965595702,,,,,,,
0.004456,,0.176,0.0005413115446123173,,,,,,,
0.004464,,0.176,0.0005314075657919999,,,,,,,
0.004471999999999999,,0.168,0.0005214036766643181,,,,,,,
0.00448,,0.16,0.0005113015142403606,,,,,,,
0.004488,,0.16,0.0005011026858894478,,,,,,,
0.004496,,0.14400000000000002,0.0004908086622797935,,,,,,,
0.004504,,0.14400000000000002,0.0004804208278770082,,,,,,,
0.0045119999999999995,,0.136,0.00046994061729076,,,,,,,
0.00452,,0.128,0.00045936958149103485,,,,,,,
0.004528,,0.128,0.00044870950825679704,,,,,,,
0.004536,,0.12,0.0004379625327480284,,,,,,,
0.004543999999999999,,0.112,0.0004271311193446239,,,,,,,
0.004552,,0.10400000000000001,0.0004162179245359906,,,,,,,
0.00456,,0.096,0.00040522572914394135,,,,,,,
0.004568,,0.096,0.00039415755406782305,,,,,,,
0.004576,,0.08,0.000383016647152148,,,,,,,
0.0045839999999999995,,0.08,0.00037180629133637454,,,,,,,
0.004592,,0.07200000000000001,0.0003605297165100206,,,,,,,
0.0046,,0.064,0.0003491901969160427,,,,,,,
0.004608,,0.056,0.0003377912303097249,,,,,,,
0.0046159999999999994,,0.048,0.00032633652381157505,,,,,,,
0.004624,,0.04,0.0003148298905663152,,,,,,,
0.004632,,0.04,0.00030327536239445075,,,,,,,
0.00464,,0.024,0.0002916772632127014,,,,,,,
0.004648,,0.024,0.0002800400670760936,,,,,,,
0.0046559999999999995,,0.016,0.00026836826626016534,,,,,,,
0.004664,,0.008,0.0002566664278868833,,,,,,,
0.004672,,0.008,0.00024493933519176286,,,,,,,
0.00468,,-0.008,0.00023319190844999941,,,,,,,
0.0046879999999999995,,-0.016,0.0002214289224778348,,,,,,,
0.004696,,-0.016,0.0002096547158431185,,,,,,,
0.004704,,-0.032,0.00019787310199086301,,,,,,,
0.004712,,-0.032,0.00018608767597209916,,,,,,,
0.004719999999999999,,-0.04,0.00017430212814661706,,,,,,,
0.0047279999999999996,,-0.048,0.00016252020563619848,,,,,,,
0.004736,,-0.048,0.0001507455570198677,,,,,,,
0.004744,,-0.064,0.00013898164846040044,,,,,,,
0.004752,,-0.064,0.00012723174610661538,,,,,,,
0.0047599999999999995,,-0.07200000000000001,0.0001154989299990922,,,,,,,
0.004768,,-0.08,0.00010378619668800667,,,,,,,
0.004776,,-0.088,9.209667335482163e-05,,,,,,,
0.004784,,-0.096,8.043372565226998e-05,,,,,,,
0.004791999999999999,,-0.096,6.88008477256127e-05,,,,,,,
0.0048,,-0.10400000000000001,5.7201440673146306e-05,,,,,,,
0.004808,,-0.112,4.563872706329542e-05,,,,,,,
0.004816,,-0.12,3.411588090053116e-05,,,,,,,
0.004824,,-0.128,2.2636028385427135e-05,,,,,,,
0.0048319999999999995,,-0.136,1.1202099444513581e-05,,,,,,,
0.00484,,-0.14400000000000002,-1.8318989325630576e-07,,,,,,,
0.004848,,-0.152,-1.1517263937119519e-05,,,,,,,
0.004856,,-0.152,-2.2797589337690786e-05,,,,,,,
0.004863999999999999,,-0.16,-3.402164423271224e-05,,,,,,,
0.004872,,-0.168,-4.518700916660972e-05,,,,,,,
0.00488,,-0.168,-5.6291361589974116e-05,,,,,,,
0.004888,,-0.176,-6.733226200330418e-05,,,,,,,
0.004896,,-0.184,-7.830698668049624e-05,,,,,,,
0.0049039999999999995,,-0.192,-8.921273190419724e-05,,,,,,,
0.004912,,-0.2,-0.00010004689264717961,,,,,,,
0.00492,,-0.2,-0.00011080699183836848,,,,,,,
0.004928,,-0.20800000000000002,-0.00012149058502533493,,,,,,,
0.004935999999999999,,-0.224,-0.00013209529164521594,,,,,,,
0.004944,,-0.224,-0.0001426187643357659,,,,,,,
0.004952,,-0.232,-0.00015305869051161717,,,,,,,
0.00496,,-0.232,-0.00016341279394238136,,,,,,,
0.004968,,-0.24,-0.00017367880651380843,,,,,,,
0.0049759999999999995,,-0.248,-0.0001838544721425746,,,,,,,
0.004984,,-0.248,-0.00019393755058438948,,,,,,,
0.004992,,-0.256,-0.00020392588075961323,,,,,,,
0.005,,-0.264,-0.00021381746908264378,,,,,,,
0.005007999999999999,,-0.272,-0.00022361057081665063,,,,,,,
0.005016,,-0.28,-0.00023330376472653142,,,,,,,
0.005024,,-0.28,-0.00024289590204344178,,,,,,,
0.005032,,-0.28800000000000003,-0.000252385969211099,,,,,,,
0.005039999999999999,,-0.296,-0.0002617729607835379,,,,,,,
0.0050479999999999995,,-0.296,-0.0002710558813336885,,,,,,,
0.005056,,-0.304,-0.00028023386659157683,,,,,,,
0.005064,,-0.312,-0.00028930614609204506,,,,,,,
0.005072,,-0.312,-0.00029827191907254666,,,,,,,
0.0050799999999999994,,-0.328,-0.0003071303294432407,,,,,,,
0.005088,,-0.328,-0.00031588047277393815,,,,,,,
0.005096,,-0.328,-0.0003245214626685676,,,,,,,
0.005104,,-0.336,-0.00033305249220410237,,,,,,,
0.005111999999999999,,-0.336,-0.00034147283099522646,,,,,,,
0.0051199999999999996,,-0.34400000000000003,-0.0003497818522066338,,,,,,,
0.005128,,-0.34400000000000003,-0.00035797905734412323,,,,,,,
0.005136,,-0.352,-0.00036606406909798166,,,,,,,
0.005144,,-0.352,-0.0003740365946726282,,,,,,,
0.0051519999999999995,,-0.36,-0.00038189639175490234,,,,,,,
0.00516,,-0.368,-0.0003896432966448737,,,,,,,
0.005168,,-0.368,-0.00039727725012399164,,,,,,,
0.005176,,-0.376,-0.0004047982913353044,,,,,,,
0.005183999999999999,,-0.384,-0.0004122065221109337,,,,,,,
0.005192,,-0.384,-0.0004195021037136904,,,,,,,
0.0052,,-0.384,-0.0004266853431687635,,,,,,,
0.005208,,-0.392,-0.0004337566534387086,,,,,,,
0.005216,,-0.392,-0.00044071633748447837,,,,,,,
0.0052239999999999995,,-0.4,-0.00044756441889505743,,,,,,,
0.005232,,-0.4,-0.00045430060551576083,,,,,,,
0.00524,,-0.40800000000000003,-0.0004609244059397242,,,,,,,
0.005248,,-0.40800000000000003,-0.00046743526769644974,,,,,,,
0.005255999999999999,,-0.41600000000000004,-0.00047383255621023595,,,,,,,
0.005264,,-0.41600000000000004,-0.0004801154462888325,,,,,,,
0.005272,,-0.41600000000000004,-0.00048628285235738003,,,,,,,
0.00528,,-0.41600000000000004,-0.0004923334543528496,,,,,,,
0.005288,,-0.424,-0.0004982657821576813,,,,,,,
0.0052959999999999995,,-0.424,-0.0005040782644591466,,,,,,,
0.005304,,-0.432,-0.0005097692147806845,,,,,,,
0.005312,,-0.432,-0.0005153367893096705,,,,,,,
0.00532,,-0.432,-0.0005207790082353034,,,,,,,
0.005327999999999999,,-0.44,-0.0005260938357320605,,,,,,,
0.005336,,-0.44,-0.0005312792542876817,,,,,,,
0.005344,,-0.44,-0.0005363333037719275,,,,,,,
0.005352,,-0.44,-0.0005412539983602505,,,,,,,
0.00536,,-0.44,-0.000546039220256245,,,,,,,
0.0053679999999999995,,-0.448,-0.0005506867115484857,,,,,,,
0.005376,,-0.448,-0.0005551940375477952,,,,,,,
0.005384,,-0.448,-0.0005595585835147849,,,,,,,
0.005392,,-0.456,-0.0005637777313381523,,,,,,,
0.005399999999999999,,-0.456,-0.0005678491125691366,,,,,,,
0.005408,,-0.456,-0.0005717707523846129,,,,,,,
0.005416,,-0.456,-0.0005755410228535983,,,,,,,
0.005424,,-0.456,-0.0005791585989525293,,,,,,,
0.005431999999999999,,-0.456,-0.0005826225066712044,,,,,,,
0.0054399999999999995,,-0.456,-0.0005859320771863014,,,,,,,
0.005448,,-0.464,-0.0005890868739617269,,,,,,,
0.005456,,-0.456,-0.0005920866248402093,,,,,,,
0.005464,,-0.456,-0.0005949309800574067,,,,,,,
0.0054719999999999994,,-0.464,-0.0005976192889686378,,,,,,,
0.00548,,-0.464,-0.0006001506332567159,,,,,,,
0.005488,,-0.464,-0.000602523977853951,,,,,,,
0.005496,,-0.464,-0.000604738310968785,,,,,,,
0.005503999999999999,,-0.464,-0.0006067927438153493,,,,,,,
0.0055119999999999995,,-0.464,-0.0006086865727974682,,,,,,,
0.00552,,-0.464,-0.000610419336609862,,,,,,,
0.005528,,-0.464,-0.0006119907492037819,,,,,,,
0.005536,,-0.464,-0.0006134004585827936,,,,,,,
0.0055439999999999994,,-0.464,-0.0006146479136626768,,,,,,,
0.005552,,-0.464,-0.000615732540107097,,,,,,,
0.00556,,-0.456,-0.0006166539627033091,,,,,,,
0.005568,,-0.456,-0.0006174119421353837,,,,,,,
0.005575999999999999,,-0.456,-0.0006180061970403298,,,,,,,
0.0055839999999999996,,-0.456,-0.0006184364783277162,,,,,,,
0.005592,,-0.456,-0.0006187027869864913,,,,,,,
0.0056,,-0.456,-0.0006188053660868031,,,,,,,
0.005608,,-0.448,-0.0006187444542805826,,,,,,,
0.0056159999999999995,,-0.456,-0.0006185201475471221,,,,,,,
0.005624,,-0.448,-0.0006181325104656885,,,,,,,
0.005632,,-0.448,-0.0006175816494613463,,,,,,,
0.00564,,-0.448,-0.000616867601619761,,,,,,,
0.005647999999999999,,-0.448,-0.0006159902024454546,,,,,,,
0.005656,,-0.44,-0.0006149490538164203,,,,,,,
0.005664,,-0.44,-0.0006137436740935556,,,,,,,
0.005672,,-0.44,-0.0006123737267054646,,,,,,,
0.00568,,-0.44,-0.0006108391118848611,,,,,,,
0.0056879999999999995,,-0.432,-0.0006091399912660304,,,,,,,
0.005696,,-0.432,-0.0006072768397801923,,,,,,,
0.005704,,-0.432,-0.0006052504331654857,,,,,,,
0.005712,,-0.432,-0.0006030616865461056,,,,,,,
0.005719999999999999,,-0.424,-0.0006007114154584389,,,,,,,
0.005728,,-0.41600000000000004,-0.0005982002346052534,,,,,,,
0.005736,,-0.41600000000000004,-0.0005955286140269891,,,,,,,
0.005744,,-0.41600000000000004,-0.0005926969315391396,,,,,,,
0.005752,,-0.41600000000000004,-0.0005897054917565826,,,,,,,
0.0057599999999999995,,-0.40800000000000003,-0.0005865545738119481,,,,,,,
0.005768,,-0.4,-0.000583244475641147,,,,,,,
0.005776,,-0.4,-0.0005797754655240185,,,,,,,
0.005784,,-0.4,-0.0005761477971191619,,,,,,,
0.005791999999999999,,-0.392,-0.0005723618427648104,,,,,,,
0.0058,,-0.392,-0.0005684180673626334,,,,,,,
0.005808,,-0.384,-0.0005643169742478229,,,,,,,
0.005816,,-0.384,-0.000560059263831457,,,,,,,
0.005823999999999999,,-0.376,-0.0005556459499038481,,,,,,,
0.0058319999999999995,,-0.376,-0.0005510782575618117,,,,,,,
0.00584,,-0.368,-0.0005463574388462227,,,,,,,
0.005848,,-0.36,-0.000541484721559721,,,,,,,
0.005856,,-0.36,-0.0005364614111379879,,,,,,,
0.005863999999999999,,-0.352,-0.0005312889846035705,,,,,,,
0.005872,,-0.352,-0.0005259691470987689,,,,,,,
0.00588,,-0.352,-0.0005205037642094532,,,,,,,
0.005888,,-0.34400000000000003,-0.0005148947094922496,,,,,,,
0.005895999999999999,,-0.336,-0.0005091438427716155,,,,,,,
0.0059039999999999995,,-0.336,-0.0005032529901080508,,,,,,,
0.005912,,-0.328,-0.0004972238359308111,,,,,,,
0.00592,,-0.328,-0.0004910578833839831,,,,,,,
0.005928,,-0.32,-0.00048475653747192117,,,,,,,
0.0059359999999999994,,-0.312,-0.0004783212716459361,,,,,,,
0.005944,,-0.312,-0.0004717537219455464,,,,,,,
0.005952,,-0.304,-0.0004650556542669721,,,,,,,
0.00596,,-0.304,-0.00045822890389883586,,,,,,,
0.005967999999999999,,-0.28800000000000003,-0.00045127531941205497,,,,,,,
0.0059759999999999995,,-0.28800000000000003,-0.0004441967405505066,,,,,,,
0.005984,,-0.28800000000000003,-0.00043699500761046795,,,,,,,
0.005992,,-0.272,-0.00042967202970694256,,,,,,,
0.006,,-0.272,-0.00042222987744380597,,,,,,,
0.0060079999999999995,,-0.264,-0.00041467077859921495,,,,,,,
0.006016,,-0.256,-0.0004069970838021083,,,,,,,
0.006024,,-0.256,-0.00039921114493810157,,,,,,,
0.006032,,-0.248,-0.0003913151132544724,,,,,,,
0.006039999999999999,,-0.24,-0.00038331093217656043,,,,,,,
0.0060479999999999996,,-0.232,-0.0003752003908620245,,,,,,,
0.006056,,-0.232,-0.00036698511448837235,,,,,,,
0.006064,,-0.224,-0.0003586667047995218,,,,,,,
0.006072,,-0.216,-0.0003502469594846072,,,,,,,
0.0060799999999999995,,-0.20800000000000002,-0.0003417279550602249,,,,,,,
0.006088,,-0.20800000000000002,-0.00033311191389384675,,,,,,,
0.006096,,-0.192,-0.00032440099135887896,,,,,,,
0.006104,,-0.192,-0.0003155971686841597,,,,,,,
0.006111999999999999,,-0.184,-0.000306702184188818,,,,,,,
0.00612,,-0.176,-0.0002977175002119535,,,,,,,
0.006128,,-0.176,-0.00028864436277425065,,,,,,,
0.006136,,-0.168,-0.00027948394678254155,,,,,,,
0.006144,,-0.16,-0.00027023755005749407,,,,,,,
0.0061519999999999995,,-0.152,-0.00026090659339638876,,,,,,,
0.00616,,-0.14400000000000002,-0.00025149244135880695,,,,,,,
0.006168,,-0.14400000000000002,-0.00024199629639792638,,,,,,,
0.006176,,-0.136,-0.00023241922072885345,,,,,,,
0.006183999999999999,,-0.128,-0.0002227622761990123,,,,,,,
0.006192,,-0.12,-0.00021302659392561686,,,,,,,
0.0062,,-0.112,-0.00020321334899763515,,,,,,,
0.006208,,-0.112,-0.0001933238561998646,,,,,,,
0.006215999999999999,,-0.10400000000000001,-0.0001833596580424736,,,,,,,
0.0062239999999999995,,-0.088,-0.00017332242652263658,,,,,,,
0.006232,,-0.088,-0.00016321378245224042,,,,,,,
0.00624,,-0.08,-0.00015303527763991295,,,,,,,
0.006248,,-0.07200000000000001,-0.00014278852764328025,,,,,,,
0.006255999999999999,,-0.07200000000000001,-0.00013247521496489146,,,,,,,
0.006264,,-0.056,-0.00012209706193345795,,,,,,,
0.006272,,-0.056,-0.0001116558650833784,,,,,,,
0.00628,,-0.048,-0.00010115343719803992,,,,,,,
0.006287999999999999,,-0.04,-9.059155362202213e-05,,,,,,,
0.0062959999999999995,,-0.032,-7.997196230493483e-05,,,,,,,
0.006304,,-0.024,-6.92964825318431e-05,,,,,,,
0.006312,,-0.024,-5.856712569585419e-05,,,,,,,
0.00632,,-0.008,-4.778602737833598e-05,,,,,,,
0.006327999999999999,,0.0,-3.695535429162573e-05,,,,,,,
0.006336,,0.0,-2.6077277699716295e-05,,,,,,,
0.006344,,0.008,-1.515388910272304e-05,,,,,,,
0.006352,,0.008,-4.187152252571699e-06,,,,,,,
0.006359999999999999,,0.008,6.821021664363556e-06,,,,,,,
0.0063679999999999995,,0.024,1.786858523032357e-05,,,,,,,
0.006376,,0.024,2.8953270255204404e-05,,,,,,,
0.006384,,0.032,4.007274892458126e-05,,,,,,,
0.006392,,0.04,5.122484267032721e-05,,,,,,,
0.0063999999999999994,,0.04,6.240768508295819e-05,,,,,,,
0.006408,,0.056,7.361969278104716e-05,,,,,,,
0.006416,,0.056,8.485932904420628e-05,,,,,,,
0.006424,,0.07200000000000001,9.612497474151625e-05,,,,,,,
0.006431999999999999,,0.08,0.00010741492862627615,,,,,,,
0.0064399999999999995,,0.08,0.00011872746757389333,,,,,,,
0.006448,,0.088,0.00013006087260592308,,,,,,,
0.006456,,0.096,0.00014141333377710986,,,,,,,
0.006464,,0.10400000000000001,0.0001527830415259787,,,,,,,
0.0064719999999999995,,0.112,0.0001641683904650853,,,,,,,
0.00648,,0.112,0.00017556783927712385,,,,,,,
0.006488,,0.12,0.00018697948299875708,,,,,,,
0.006496,,0.128,0.00019840077816060672,,,,,,,
0.006503999999999999,,0.128,0.00020982873800396494,,,,,,,
0.0065119999999999996,,0.14400000000000002,0.000221260323104543,,,,,,,
0.00652,,0.14400000000000002,0.00023269256424999764,,,,,,,
0.006528,,0.152,0.0002441224374944482,,,,,,,
0.006535999999999999,,0.16,0.0002555467490499339,,,,,,,
0.0065439999999999995,,0.16,0.00026696226812976306,,,,,,,
0.006552,,0.176,0.00027836593950191657,,,,,,,
0.00656,,0.176,0.000289754841129286,,,,,,,
0.006568,,0.184,0.0003011261150240524,,,,,,,
0.006575999999999999,,0.192,0.0003124770524277514,,,,,,,
0.006584,,0.192,0.0003238051424838538,,,,,,,
0.006592,,0.2,0.000335108027387436,,,,,,,
0.0066,,0.20800000000000002,0.00034638346066231284,,,,,,,
0.006607999999999999,,0.216,0.0003576293578859364,,,,,,,
0.0066159999999999995,,0.224,0.00036884381344457504,,,,,,,
0.006624,,0.232,0.00038002496657940963,,,,,,,
0.006632,,0.232,0.0003911708477903714,,,,,,,
0.00664,,0.24,0.00040227935661490423,,,,,,,
0.006647999999999999,,0.248,0.00041334845034296074,,,,,,,
0.006656,,0.256,0.0004243763184323147,,,,,,,
0.006664,,0.256,0.00043536127485880785,,,,,,,
0.006672,,0.264,0.00044630150933855047,,,,,,,
0.006679999999999999,,0.272,0.00045719491755316855,,,,,,,
0.0066879999999999995,,0.272,0.00046803915398098964,,,,,,,
0.006696,,0.28,0.0004788318307021613,,,,,,,
0.006704,,0.28800000000000003,0.0004895706120282421,,,,,,,
0.006712,,0.28800000000000003,0.0005002532125691363,,,,,,,
0.006719999999999999,,0.296,0.0005108773954983746,,,,,,,
0.006728,,0.304,0.0005214410008186248,,,,,,,
0.006736,,0.304,0.0005319419416406292,,,,,,,
0.006744,,0.312,0.0005423781112803398,,,,,,,
0.006751999999999999,,0.32,0.000552747387089009,,,,,,,
0.0067599999999999995,,0.328,0.0005630477236778576,,,,,,,
0.006768,,0.328,0.0005732771496048797,,,,,,,
0.006776,,0.336,0.0005834337046584802,,,,,,,
0.006784,,0.336,0.0005935153522383452,,,,,,,
0.006791999999999999,,0.34400000000000003,0.0006035199584258608,,,,,,,
0.0068,,0.34400000000000003,0.000613445362574144,,,,,,,
0.006808,,0.352,0.0006232893533981887,,,,,,,
0.006816,,0.352,0.0006330495876148457,,,,,,,
0.006823999999999999,,0.36,0.0006427235749900862,,,,,,,
0.0068319999999999995,,0.36,0.0006523087546310284,,,,,,,
0.00684,,0.368,0.0006618025957638201,,,,,,,
0.006848,,0.376,0.0006712025717779647,,,,,,,
0.006856,,0.376,0.0006805061066584873,,,,,,,
0.0068639999999999994,,0.384,0.0006897105855016692,,,,,,,
0.006872,,0.384,0.0006988133347922141,,,,,,,
0.00688,,0.392,0.0007078116344240998,,,,,,,
0.006888,,0.392,0.0007167027888429556,,,,,,,
0.006895999999999999,,0.4,0.0007254841631806636,,,,,,,
0.0069039999999999995,,0.4,0.0007341531272995602,,,,,,,
0.006912,,0.40800000000000003,0.0007427069447045083,,,,,,,
0.00692,,0.40800000000000003,0.0007511428195308914,,,,,,,
0.006927999999999999,,0.40800000000000003,0.0007594580894980851,,,,,,,
0.0069359999999999995,,0.40800000000000003,0.0007676503146850891,,,,,,,
0.006944,,0.41600000000000004,0.0007757172697471361,,,,,,,
0.006952,,0.424,0.0007836569065267146,,,,,,,
0.00696,,0.424,0.000791467289402233,,,,,,,
0.006967999999999999,,0.424,0.0007991465354380737,,,,,,,
0.0069759999999999996,,0.432,0.000806692729333413,,,,,,,
0.006984,,0.432,0.000814103845147424,,,,,,,
0.006992,,0.432,0.00082137773415415,,,,,,,
0.006999999999999999,,0.432,0.0008285121142354,,,,,,,
0.0070079999999999995,,0.44,0.0008355045011106786,,,,,,,
0.007016,,0.44,0.0008423521754700284,,,,,,,
0.007024,,0.44,0.0008490522728443894,,,,,,,
0.007032,,0.448,0.0008556019270334833,,,,,,,
0.007039999999999999,,0.448,0.0008619984029854745,,,,,,,
0.007048,,0.448,0.0008682391300888691,,,,,,,
0.007056,,0.448,0.0008743215240621434,,,,,,,
0.007064,,0.448,0.000880242733241755,,,,,,,
0.007071999999999999,,0.448,0.0008859995542728805,,,,,,,
0.0070799999999999995,,0.448,0.0008915885940817832,,,,,,,
0.007088,,0.456,0.0008970065695657538,,,,,,,
0.007096,,0.456,0.0009022504951694223,,,,,,,
0.007104,,0.456,0.000907317647018075,,,,,,,
0.007111999999999999,,0.456,0.0009122054696959469,,,,,,,
0.00712,,0.456,0.0009169115197211192,,,,,,,
0.007128,,0.456,0.000921433383470843,,,,,,,
0.007136,,0.456,0.0009257686015486779,,,,,,,
0.007143999999999999,,0.456,0.0009299146589602169,,,,,,,
0.0071519999999999995,,0.456,0.0009338690063322666,,,,,,,
0.00716,,0.456,0.0009376290799516272,,,,,,,
0.007168,,0.456,0.000941192320656799,,,,,,,
0.007176,,0.456,0.0009445562214288336,,,,,,,
0.007183999999999999,,0.456,0.0009477184311780123,,,,,,,
0.007192,,0.456,0.0009506767908998717,,,,,,,
0.0072,,0.456,0.0009534292177672152,,,,,,,
0.007208,,0.456,0.0009559736278990348,,,,,,,
0.007215999999999999,,0.456,0.000958307954731902,,,,,,,
0.0072239999999999995,,0.456,0.0009604301364426085,,,,,,,
0.007232,,0.456,0.0009623381642455629,,,,,,,
0.00724,,0.456,0.0009640301868076823,,,,,,,
0.007248,,0.456,0.0009655044277046027,,,,,,,
0.007255999999999999,,0.456,0.0009667590197646719,,,,,,,
0.007264,,0.456,0.0009677920314148519,,,,,,,
0.007272,,0.448,0.0009686015511546597,,,,,,,
0.00728,,0.448,0.0009691857062511474,,,,,,,
0.007287999999999999,,0.448,0.0009695427100229101,,,,,,,
0.0072959999999999995,,0.448,0.0009696709055895266,,,,,,,
0.007304,,0.448,0.0009695688360309644,,,,,,,
0.007312,,0.448,0.0009692353983629142,,,,,,,
0.007319999999999999,,0.44,0.0009686699254327974,,,,,,,
0.0073279999999999994,,0.44,0.0009678720816740966,,,,,,,
0.007336,,0.44,0.0009668417063623048,,,,,,,
0.007344,,0.432,0.00096557878768118,,,,,,,
0.007352,,0.432,0.0009640835279403482,,,,,,,
0.007359999999999999,,0.432,0.0009623563735768761,,,,,,,
0.0073679999999999995,,0.432,0.000960397952877123,,,,,,,
0.007376,,0.424,0.0009582088987688532,,,,,,,
0.007384,,0.424,0.0009557897149809939,,,,,,,
0.007391999999999999,,0.424,0.0009531408317548385,,,,,,,
0.0073999999999999995,,0.41600000000000004,0.0009502627471439141,,,,,,,
0.007408,,0.41600000000000004,0.0009471561575551855,,,,,,,
0.007416,,0.41600000000000004,0.0009438220183209168,,,,,,,
0.007424,,0.40800000000000003,0.0009402614797792834,,,,,,,
0.007431999999999999,,0.40800000000000003,0.0009364758277246475,,,,,,,
0.0074399999999999996,,0.40800000000000003,0.000932466577128469,,,,,,,
0.007448,,0.4,0.0009282356177835855,,,,,,,
0.007456,,0.4,0.0009237852286006926,,,,,,,
0.007463999999999999,,0.392,0.0009191180002526083,,,,,,,
0.0074719999999999995,,0.392,0.0009142367329427979,,,,,,,
0.00748,,0.384,0.0009091442816549479,,,,,,,
0.007488,,0.384,0.0009038434725670852,,,,,,,
0.007496,,0.384,0.000898337115297499,,,,,,,
0.007503999999999999,,0.376,0.0008926280142436937,,,,,,,
0.007512,,0.368,0.000886719068487727,,,,,,,
0.00752,,0.368,0.0008806134532533429,,,,,,,
0.007528,,0.36,0.0008743147569253278,,,,,,,
0.007535999999999999,,0.36,0.000867826987123052,,,,,,,
0.0075439999999999995,,0.352,0.0008611544258875158,,,,,,,
0.007552,,0.34400000000000003,0.0008543014948870176,,,,,,,
0.00756,,0.34400000000000003,0.0008472726898936591,,,,,,,
0.007568,,0.336,0.0008400725496531661,,,,,,,
0.007575999999999999,,0.336,0.0008327056268139025,,,,,,,
0.007584,,0.328,0.0008251763415869795,,,,,,,
0.007592,,0.32,0.0008174888765273331,,,,,,,
0.0076,,0.32,0.0008096472288964929,,,,,,,
0.007607999999999999,,0.312,0.0008016551998281114,,,,,,,
0.0076159999999999995,,0.312,0.0007935163549405953,,,,,,,
0.007624,,0.304,0.0007852341077564399,,,,,,,
0.007632,,0.296,0.0007768118567575469,,,,,,,
0.007639999999999999,,0.296,0.0007682530225396034,,,,,,,
0.007647999999999999,,0.28800000000000003,0.0007595609627082394,,,,,,,
0.007656,,0.28,0.0007507390125402816,,,,,,,
0.007664,,0.28,0.0007417907013858977,,,,,,,
0.007672,,0.264,0.0007327198923338734,,,,,,,
0.007679999999999999,,0.264,0.000723530701450159,,,,,,,
0.0076879999999999995,,0.256,0.0007142272433234512,,,,,,,
0.007696,,0.256,0.0007048134553334784,,,,,,,
0.007704,,0.248,0.0006952930846443025,,,,,,,
0.007711999999999999,,0.24,0.0006856697063873708,,,,,,,
0.007719999999999999,,0.24,0.0006759468004394808,,,,,,,
0.007728,,0.232,0.0006661278523195245,,,,,,,
0.007736,,0.216,0.0006562164164489086,,,,,,,
0.007744,,0.216,0.0006462160848066794,,,,,,,
0.007751999999999999,,0.20800000000000002,0.0006361302787950969,,,,,,,
0.0077599999999999995,,0.20800000000000002,0.0006259621168413527,,,,,,,
0.007768,,0.2,0.0006157145312853577,,,,,,,
0.007776,,0.192,0.0006053904364496782,,,,,,,
0.007783999999999999,,0.192,0.0005949927646363813,,,,,,,
0.0077919999999999994,,0.176,0.0005845242905087662,,,,,,,
0.0078,,0.168,0.000573987439299594,,,,,,,
0.007808,,0.168,0.0005633843191657238,,,,,,,
0.007816,,0.16,0.0005527169308157937,,,,,,,
0.007824,,0.152,0.0005419873912987909,,,,,,,
0.007832,,0.14400000000000002,0.0005311978720773104,,,,,,,
0.00784,,0.136,0.000520350303025938,,,,,,,
0.007847999999999999,,0.136,0.0005094463379930645,,,,,,,
0.007856,,0.128,0.000498487621852149,,,,,,,
0.007864,,0.128,0.00048747594783545847,,,,,,,
0.007871999999999999,,0.12,0.0004764131042949885,,,,,,,
0.00788,,0.10400000000000001,0.0004653007031949132,,,,,,,
0.007888,,0.10400000000000001,0.00045414020092990505,,,,,,,
0.007896,,0.096,0.0004429328881507678,,,,,,,
0.007904,,0.088,0.00043167991061275005,,,,,,,
0.007911999999999999,,0.08,0.0004203824378965443,,,,,,,
0.00792,,0.07200000000000001,0.00040904175960339284,,,,,,,
0.007928,,0.07200000000000001,0.00039765925460018693,,,,,,,
0.007936,,0.064,0.0003862363026442987,,,,,,,
0.007944,,0.048,0.00037477423245385226,,,,,,,
0.007951999999999999,,0.048,0.00036327433343078983,,,,,,,
0.00796,,0.04,0.00035173786655391925,,,,,,,
0.007968,,0.032,0.00034016610428694695,,,,,,,
0.007976,,0.024,0.0003285603077433951,,,,,,,
0.007984,,0.016,0.0003169217353698194,,,,,,,
0.007991999999999999,,0.016,0.0003052518894258637,,,,,,,
