Time (s),CH1 Voltage (V),CH2 Current Filtered (mA),Phase Live Time (s),Phase(CH2-CH1) (deg),|Y| (S),|Y| (mS),|Z| (ohm),G (S),B (S)
0.0,0.304,-8.423192635847257e-05,0.0,76.3505334589828,2.622261053436504e-06,0.0026222610534365038,381350.284972386,6.188042361317014e-07,2.5482021799133963e-06
8e-06,0.152,-0.0006193942362343451,0.3381831645965576,76.3201683804711,3.0302917001149047e-06,0.0030302917001149045,330001.2338621003,7.16652294992312e-07,2.944329681925503e-06
1.6e-05,-0.016,-0.0021718577446436112,0.7046499252319336,78.12930382623574,3.2398082339642136e-06,0.0032398082339642137,308660.2439973445,6.664405466535712e-07,3.1705227314495644e-06
2.4e-05,-0.184,-0.004934674475698827,1.0324287414550781,77.43780601092374,3.3075093699860087e-06,0.0033075093699860086,302342.30296503444,7.193807929711425e-07,3.2283292129597707e-06
3.2e-05,-0.328,-0.008314484207568487,1.4170849323272705,77.74368058686895,3.48906484020255e-06,0.00348906484020255,286609.74954594055,7.406777141485297e-07,3.409541022322705e-06
3.9999999999999996e-05,-0.424,-0.011165777048419968,1.7337565422058105,80.63955587828627,3.673287885434468e-06,0.003673287885434468,272235.6731050832,5.97441222594706e-07,3.624376894698476e-06
4.8e-05,-0.464,-0.012358862321355444,2.258466958999634,79.5403282304689,3.918908544262863e-06,0.003918908544262863,255173.0893194645,7.114520057592147e-07,3.853787775915749e-06
5.6e-05,-0.424,-0.011280035663947172,2.629976511001587,79.05063432458059,4.013414179019555e-06,0.004013414179019555,249164.41597968643,7.623135962968314e-07,3.940351678880478e-06
6.4e-05,-0.328,-0.008031725117218703,2.960919141769409,79.66331655348421,4.185483273899144e-06,0.004185483273899144,238921.0360094003,7.510100859729535e-07,4.117554381772801e-06
7.2e-05,-0.184,-0.003269857709671284,3.3317973613739014,79.25013107219917,4.408079421055845e-06,0.004408079421055845,226856.16670683192,8.222028575271407e-07,4.330721261338605e-06
7.999999999999999e-05,-0.016,0.0020818106274542517,3.662170886993408,80.99766345834155,4.546851075702409e-06,0.004546851075702409,219932.42869638468,7.114673543549383e-07,4.490842783743753e-06
8.8e-05,0.14400000000000002,0.007049280847476835,4.035043478012085,80.50204416689917,4.73608948463627e-06,0.00473608948463627,211144.6591632125,7.815135758650947e-07,4.67116475166749e-06
9.6e-05,0.296,0.010816722818684716,4.554259300231934,81.13313350025805,4.901857304299158e-06,0.004901857304299158,204004.30651519645,7.555675519619575e-07,4.843276030346941e-06
0.000104,0.40800000000000003,0.012884419447211363,4.92576265335083,81.95121579566421,5.184642796257933e-06,0.005184642796257933,192877.31851493413,7.259340303640266e-07,5.133569976960353e-06
0.000112,0.456,0.01306253233820127,5.256407976150513,80.22000422277029,5.309437816092715e-06,0.005309437816092714,188343.85760560865,9.018900116335204e-07,5.232277164855764e-06
0.00011999999999999999,0.44,0.011394407335775276,5.628083944320679,82.00164925527537,5.430382708287899e-06,0.005430382708287899,184149.0837236556,7.556084086167126e-07,5.377556349430467e-06
0.000128,0.36,0.008123423547039167,5.960759878158569,81.15165887639108,5.598754131606805e-06,0.005598754131606805,178611.16535814133,8.611979063189642e-07,5.5321230998899606e-06
0.000136,0.224,0.0036945435524083745,6.333041667938232,82.67906596219876,5.817237172135533e-06,0.005817237172135533,171902.91033516443,7.412731188708501e-07,5.769814770000411e-06
0.000144,0.056,-0.0012572129506438282,6.852990388870239,82.75657518277097,5.942342192884971e-06,0.005942342192884971,168283.8126012575,7.492409713598363e-07,5.894918888685131e-06
0.00015199999999999998,-0.12,-0.005993233883687332,7.223170518875122,83.11908933597874,6.094794459103229e-06,0.006094794459103229,164074.44200294447,7.301933926744013e-07,6.050895562477514e-06
0.00015999999999999999,-0.272,-0.009819781541984377,7.553843021392822,82.6561538061157,6.390244716651246e-06,0.006390244716651246,156488.5296793519,8.168242692830001e-07,6.3378249937813405e-06
0.000168,-0.392,-0.012207229435233637,7.925303220748901,83.54775009918234,6.574120298021726e-06,0.006574120298021726,152111.6065218518,7.38767657935153e-07,6.532478858783263e-06
0.000176,-0.456,-0.012844350966215685,8.256836414337158,83.21299103951719,6.8135858271791515e-06,0.006813585827179151,146765.59822744664,8.052215591038774e-07,6.7658384598725764e-06
0.000184,-0.448,-0.011657401069424709,8.627950429916382,83.30449647631798,6.89493363203846e-06,0.00689493363203846,145034.02837024175,8.038995792210748e-07,6.847908823629536e-06
0.000192,-0.376,-0.008805751038732542,9.143296003341675,83.05381567427827,7.103574579986191e-06,0.0071035745799861915,140774.19596852377,8.590852134121196e-07,7.05143562755292e-06
0.00019999999999999998,-0.248,-0.004659165238917668,9.515635251998901,83.60953038587678,7.531434143103047e-06,0.007531434143103047,132776.83652266357,8.382759643224072e-07,7.484637176212196e-06
0.000208,-0.088,0.00022139271237718518,9.847447633743286,83.53139912529866,7.787553815242735e-06,0.0077875538152427344,128410.02755482473,8.773357000418022e-07,7.737976253177173e-06
0.000216,0.07200000000000001,0.005120996848738858,10.217913150787354,83.61233445371056,7.949842507307981e-06,0.00794984250730798,125788.65544578258,8.844596837819114e-07,7.90048903288684e-06
0.000224,0.24,0.009278646167969909,10.547636032104492,84.16637095787337,8.038221746212207e-06,0.008038221746212208,124405.62497186927,8.170065667936445e-07,7.996593594218408e-06
0.000232,0.368,0.01206098911567368,10.878124713897705,84.30164536846394,8.479293199366966e-06,0.008479293199366966,117934.35802817345,8.419189815027734e-07,8.437392108312628e-06
0.00023999999999999998,0.448,0.013099643490342776,11.445496320724487,84.0380257841203,8.580785419421147e-06,0.008580785419421148,116539.44844450605,8.912724594993412e-07,8.534372373941071e-06
0.000248,0.456,0.012293334114328418,11.765297889709473,84.27457820994914,8.765107403542453e-06,0.008765107403542454,114088.73319633778,8.744179839889843e-07,8.721381827721532e-06
0.000256,0.4,0.009750430788419855,12.139954328536987,83.84717300484783,8.943701405264706e-06,0.008943701405264706,111810.53063906521,9.585931663331023e-07,8.892181620277071e-06
0.00026399999999999997,0.28,0.005790729055560681,12.471001148223877,84.44340322043286,9.1112721384037e-06,0.0091112721384037,109754.15779592778,8.822349882470257e-07,9.068458601414262e-06
0.000272,0.128,0.0009581889037992341,12.844678163528442,84.49091327609221,9.172964410652078e-06,0.009172964410652077,109016.01218890079,8.806377384856723e-07,9.13059435374524e-06
0.00028,-0.048,-0.0040342677707738755,13.220761775970459,84.45886696491914,9.409677115093517e-06,0.009409677115093516,106273.57217135093,9.086015232153588e-07,9.36570695048299e-06
0.000288,-0.20800000000000002,-0.008430562836754025,13.78468656539917,84.84520470970153,9.424659309700766e-06,0.009424659309700765,106104.63117438143,8.467757452725518e-07,9.386542171702392e-06
0.000296,-0.352,-0.011576555282711074,14.11024785041809,84.4755046634607,9.739879244374393e-06,0.009739879244374392,102670.67741908452,9.376708346058885e-07,9.694638781353568e-06
0.00030399999999999996,-0.44,-0.01301303478184492,14.489892482757568,84.4755046634607,9.739879244374393e-06,0.009739879244374392,102670.67741908452,9.376708346058885e-07,9.694638781353568e-06
0.000312,-0.456,-0.012535545036048343,14.82072138786316,84.53692538218934,1.0090054830614422e-05,0.010090054830614422,99107.48918488347,9.60615902554628e-07,1.004422339320291e-05
0.00031999999999999997,-0.41600000000000004,-0.01023631796020782,15.19319486618042,84.53692538218934,1.0090054830614422e-05,0.010090054830614422,99107.48918488347,9.60615902554628e-07,1.004422339320291e-05
0.000328,-0.304,-0.0064659961525490636,15.521721363067627,84.41624014262595,1.0384219061604339e-05,0.010384219061604338,96299.97153059886,1.010392870333434e-06,1.0334946142431815e-05
0.000336,-0.16,-0.001753668535054254,16.080347776412964,84.73449082532773,1.0574059499343885e-05,0.010574059499343886,94571.05854776489,9.703937687849324e-07,1.0529438267503544e-05
0.00034399999999999996,0.008,0.003222011867122464,16.461910009384155,84.34210884485566,1.071319165387313e-05,0.01071319165387313,93342.86478842849,1.0561966259817765e-06,1.0661000145384183e-05
0.000352,0.168,0.007682511638513005,16.781574964523315,84.25688013510012,1.0979710043428175e-05,0.010979710043428176,91077.08637520375,1.098724037489773e-06,1.0924597847390069e-05
0.00035999999999999997,0.32,0.010943544134547858,17.205275535583496,84.82159588338538,1.120093293987081e-05,0.01120093293987081,89278.27756564837,1.0109649089255393e-06,1.1155216209307828e-05
0.000368,0.424,0.012611475481103616,17.578381538391113,85.0366164134457,1.1268887670462749e-05,0.011268887670462748,88739.90310695286,9.749737927322822e-07,1.122663152655295e-05
0.000376,0.456,0.012557377441470887,18.095053672790527,84.60051594505182,1.1405826410555743e-05,0.011405826410555743,87674.48880990602,1.0732808325013608e-06,1.135521661450437e-05
0.000384,0.432,0.010797831489298033,18.477877616882324,85.0347249295591,1.181663050317701e-05,0.01181663050317701,84626.49312180327,1.0227526332420985e-06,1.1772286672512257e-05
0.000392,0.336,0.00751559105506612,18.797083377838135,85.22851014446644,1.200016753082873e-05,0.01200016753082873,83332.16994104249,9.981977224391347e-07,1.1958579433815432e-05
0.00039999999999999996,0.2,0.003136737660393188,19.181952953338623,85.2671710191787,1.2286318973322779e-05,0.01228631897332278,81391.34285633433,1.0137385546077707e-06,1.2244425999495977e-05
0.000408,0.032,-0.0017111865329264035,19.502987384796143,84.86783240645053,1.2304729134484838e-05,0.012304729134484837,81269.56628386334,1.1007009717298668e-06,1.2255399481203087e-05
0.000416,-0.14400000000000002,-0.006318985856071352,19.83171582221985,85.43969157523532,1.2586592857406947e-05,0.012586592857406946,79449.61844154043,1.0007397071811972e-06,1.2546746183636555e-05
0.000424,-0.296,-0.01000619430896538,20.3978431224823,84.98281798202294,1.289661344878473e-05,0.012896613448784731,77539.73583617268,1.1278666289283103e-06,1.2847200290908719e-05
0.000432,-0.40800000000000003,-0.012237066468382655,20.727487087249756,85.34017463679214,1.3173844768296923e-05,0.013173844768296923,75907.98416013802,1.0702387575134297e-06,1.313029988161353e-05
0.00043999999999999996,-0.456,-0.012702369054862755,21.099857330322266,85.25596395416153,1.3598599819097377e-05,0.013598599819097376,73536.98272638604,1.1246650441721646e-06,1.3552012602501977e-05
0.000448,-0.44,-0.011321697344983839,21.429842948913574,85.39187288279658,1.3778830542315153e-05,0.013778830542315153,72575.09967402338,1.1069955389175758e-06,1.3734290370843827e-05
0.00045599999999999997,-0.36,-0.008236636467660492,21.80111527442932,85.41111992755134,1.3985844193245491e-05,0.013985844193245492,71500.86803361883,1.1189440187894453e-06,1.3941011515688304e-05
0.000464,-0.224,-0.0038402557893995894,22.131736755371094,85.4544383571947,1.434800627436838e-05,0.01434800627436838,69696.09441741211,1.1371056131831713e-06,1.4302876454538147e-05
0.000472,-0.064,0.0012045685146382357,22.648253679275513,85.35440629595871,1.4713216829266518e-05,0.014713216829266518,67966.10228776543,1.191654267933085e-06,1.4664880141710275e-05
0.00047999999999999996,0.10400000000000001,0.006065461371020073,23.01951289176941,85.18008233117968,1.5015102523775798e-05,0.015015102523775798,66599.61185190319,1.2616326979934428e-06,1.4962004769911422e-05
0.000488,0.264,0.009986591060318099,23.390207052230835,85.33761681028028,1.5380253663583758e-05,0.015380253663583759,65018.4334974739,1.2501710227747518e-06,1.5329359907380217e-05
0.000496,0.384,0.012459804918134343,23.718075275421143,85.03088883442456,1.5798090981046543e-05,0.015798090981046543,63298.78725218957,1.3684096250315416e-06,1.5738714488278425e-05
0.000504,0.448,0.013194026291724184,24.099623441696167,85.41483295963843,1.597757504684281e-05,0.015977575046842808,62587.72041866275,1.2772612746201248e-06,1.5926440531827874e-05
0.000512,0.448,0.012082157479072713,24.42862343788147,84.90879261421048,1.6411700395432718e-05,0.01641170039543272,60932.13840768713,1.4563979799477387e-06,1.6346951238486355e-05
0.00052,0.384,0.00924904615779631,24.945494651794434,84.89574279542933,1.695249332066634e-05,0.01695249332066634,58988.37304250262,1.5082345911774685e-06,1.6885267489892265e-05
0.0005279999999999999,0.264,0.005073096844736399,25.316322565078735,84.59727190633828,1.7439047003171243e-05,0.017439047003171244,57342.5829873704,1.6419859589456867e-06,1.736157373308771e-05
0.000536,0.10400000000000001,0.00016141558647642248,25.64435625076294,84.66398637407144,1.7921932939778982e-05,0.017921932939778982,55797.5528287147,1.6666759297444171e-06,1.78442671926629e-05
0.000544,-0.07200000000000001,-0.004737941198190706,26.01634168624878,84.39089155343652,1.8387069911939277e-05,0.018387069911939277,54386.04436646374,1.7971726632203022e-06,1.82990303121536e-05
0.000552,-0.232,-0.008902985275238263,26.346457481384277,84.49020554400596,1.8736099931222807e-05,0.018736099931222806,53372.900639452084,1.7989636777271718e-06,1.864953539150468e-05
0.00056,-0.368,-0.011771206494944056,26.726640462875366,83.93378115488406,1.932441637653652e-05,0.01932441637653652,51748.00524450447,2.0421617863006757e-06,1.9216207834334175e-05
0.0005679999999999999,-0.44,-0.012960230815265573,27.238768100738525,83.90872652972394,1.9993193455931582e-05,0.019993193455931584,50017.02215327287,2.1215302556812966e-06,1.9880314231433425e-05
0.000576,-0.456,-0.012280363733503026,27.569924116134644,83.68304958191032,2.0662364599598e-05,0.020662364599598,48397.171348890806,2.273446096718505e-06,2.05369119804326e-05
0.000584,-0.4,-0.00979733694984459,27.941123008728027,83.38389253761272,2.14445425100444e-05,0.0214445425100444,46631.91110426396,2.470763225629522e-06,2.1301730740669365e-05
0.000592,-0.28800000000000003,-0.005856531949958799,28.27136516571045,82.97654711574711,2.2410135425928085e-05,0.022410135425928086,44622.66652985148,2.7402130275544614e-06,2.2241973886596885e-05
0.0006,-0.136,-0.0010368798999423388,28.643224000930786,82.86618175093236,2.2806465410507135e-05,0.022806465410507137,43847.21534005403,2.832270373639993e-06,2.2629916240482634e-05
0.0006079999999999999,0.032,0.0039341616682334254,28.973580598831177,82.28976688323684,2.4008639685476675e-05,0.024008639685476674,41651.67261037787,3.2210753143301328e-06,2.379158366663427e-05
0.000616,0.2,0.00829807680788937,29.531189918518066,81.41351006105987,2.5871400796435706e-05,0.025871400796435705,38652.7195751136,3.862656937779706e-06,2.5581424130623307e-05
0.000624,0.336,0.011415498524397145,29.86050009727478,79.77002436388818,2.7379466796487772e-05,0.027379466796487773,36523.72076611366,4.862582930806039e-06,2.6944210682464054e-05
0.000632,0.432,0.01288292865313498,30.191441297531128,77.74861309088021,2.8862528799102887e-05,0.028862528799102886,34646.99877687371,6.124666913997754e-06,2.8205212707434503e-05
0.0006399999999999999,0.456,0.012548111346884099,30.571049451828003,75.3534232681888,3.0507029805479432e-05,0.03050702980547943,32779.33008805688,7.713883771856026e-06,2.9515671510346953e-05
0.0006479999999999999,0.41600000000000004,0.01048610489007821,30.889496326446533,74.42044643291908,3.1190495030945514e-05,0.031190495030945512,32061.049335954893,8.377021251784212e-06,3.0044508570162907e-05
0.000656,0.32,0.006981703624810136,31.269104719161987,71.77157984931881,3.333783550196204e-05,0.03333783550196204,29995.948595437363,1.0428277977409234e-05,3.1664843192123376e-05
0.000664,0.168,0.002488982063410313,31.78470778465271,66.55912318978466,3.673110033354505e-05,0.036731100333545055,27224.88547632045,1.4611725292899466e-05,3.369972129970507e-05
0.000672,0.0,-0.0023995980068456,32.11436438560486,55.54437726418732,3.857516861663253e-05,0.03857516861663253,25923.412284679634,2.1824586630150123e-05,3.180772000984515e-05
0.0006799999999999999,-0.168,-0.006969800192008683,32.48596239089966,38.59558518569597,3.9519299453200164e-05,0.039519299453200166,25304.092274819483,3.088704125140442e-05,2.465290473769264e-05
0.0006879999999999999,-0.32,-0.010493092186127397,32.81399059295654,18.43951489695931,3.963614680091239e-05,0.03963614680091239,25229.49581912894,3.760115147331672e-05,1.2537046745712048e-05
0.000696,-0.41600000000000004,-0.012420931435710627,33.19512152671814,1.509368792119517,3.887519118069048e-05,0.03887519118069048,25723.346165734238,3.8861702704373124e-05,1.023988404306331e-06
0.000704,-0.456,-0.012496620361176172,33.5145378112793,-4.84823802008151,3.8062746046542986e-05,0.038062746046542986,26272.40816459232,3.792655969893565e-05,-3.2169404729795105e-06
0.000712,-0.432,-0.010733004857675248,34.08069849014282,-14.499585286687733,3.477762698945961e-05,0.03477762698945961,28754.11828136174,3.3669940533665956e-05,-8.707378680026941e-06
0.0007199999999999999,-0.34400000000000003,-0.007372900786875498,34.41023135185242,-19.788320982429468,2.8441753468839412e-05,0.028441753468839412,35159.57625803884,2.6762262148095036e-05,-9.628845470713424e-06
0.0007279999999999999,-0.2,-0.0028873094113054504,34.781689167022705,-21.163868152819816,2.2000612815052023e-05,0.02200061281505202,45453.279343011585,2.0516708076359632e-05,-7.94302549078566e-06
0.000736,-0.032,0.0020554445309101856,35.11469602584839,-21.550840798224442,1.755697865268832e-05,0.01755697865268832,56957.40820684316,1.6329605227200407e-05,-6.449146651669698e-06
0.000744,0.128,0.006704206199404103,35.443981647491455,-27.10773872900654,1.4069977578170857e-05,0.014069977578170858,71073.31866338363,1.252440837808071e-05,-6.411198314612676e-06
0.000752,0.28,0.010385690091829014,35.867509841918945,-33.08556489393621,1.1808908282298693e-05,0.011808908282298693,84681.8330784209,9.894167905586096e-06,-6.4463754370818915e-06
0.0007599999999999999,0.4,0.012612169411234116,36.42505955696106,-43.6808847742181,5.5112070370039e-06,0.0055112070370039,181448.45462812402,3.9856917042835555e-06,-3.806266496598281e-06
0.000768,0.456,0.013103634493372627,36.74884271621704,-43.6808847742181,5.5112070370039e-06,0.0055112070370039,181448.45462812402,3.9856917042835555e-06,-3.806266496598281e-06
0.000776,0.448,0.011796613986177781,37.085230350494385,64.15738026149455,4.495638185062015e-06,0.004495638185062015,222437.82947719702,1.9596517657568742e-06,4.04605087065816e-06
0.000784,0.368,0.008849837983253681,37.45565152168274,77.98043847746106,6.626886304798103e-06,0.006626886304798103,150900.43106307168,1.3800201199505395e-06,6.481602160365317e-06
0.000792,0.24,0.004620439715145258,37.78386187553406,80.04704394645944,8.408344924768335e-06,0.008408344924768335,118929.46934827985,1.4532943124846033e-06,8.281799322319838e-06
0.0007999999999999999,0.07200000000000001,-0.0003342894945248775,38.1569082736969,80.81787219486046,9.751659335801262e-06,0.009751659335801261,102546.65032531445,1.5561041080811306e-06,9.626702436781399e-06
0.000808,-0.096,-0.00525777991357624,38.671642541885376,81.70697593747099,1.0333722815607589e-05,0.010333722815607588,96770.54608912532,1.490491972512036e-06,1.022566677090966e-05
0.000816,-0.256,-0.009330280628789956,39.05338764190674,82.02185552902756,1.0940547153440567e-05,0.010940547153440568,91403.10680764457,1.518497094953039e-06,1.0834654520993075e-05
0.000824,-0.384,-0.011909753456409813,39.42693495750427,82.38732299010866,1.1403601221033862e-05,0.011403601221033862,87691.59676993151,1.5107000425250608e-06,1.1303092771002093e-05
0.000832,-0.448,-0.01268405966141994,39.7997043132782,83.17213061559187,1.1868167906554422e-05,0.011868167906554422,84259.0034008308,1.4109702267469659e-06,1.1783996456101045e-05
0.0008399999999999999,-0.456,-0.011647399831196727,40.17270255088806,83.1371582315985,1.2271643829804149e-05,0.012271643829804148,81488.67534529477,1.4663752568022743e-06,1.2183718065180607e-05
0.000848,-0.384,-0.008989212902946818,40.688034772872925,83.90751936851524,1.2755703479422725e-05,0.012755703479422726,78396.30339582464,1.3538084215880675e-06,1.2683657753684236e-05
0.000856,-0.264,-0.005031090433158977,41.070494174957275,83.98189158251762,1.3193133587243549e-05,0.013193133587243548,75797.00405420746,1.383204778265494e-06,1.3120423712374435e-05
0.000864,-0.10400000000000001,-0.0002623818491241307,41.48328185081482,84.2456033773692,1.3506079594283903e-05,0.013506079594283902,74040.73054798403,1.3541791122583969e-06,1.3438020127200849e-05
0.0008719999999999999,0.056,0.004639917518977638,41.814286947250366,84.17782764359515,1.4011062780395588e-05,0.014011062780395588,71372.17323722292,1.421300270976582e-06,1.3938787098449722e-05
0.0008799999999999999,0.224,0.00892523609650708,42.19473171234131,84.42519743170385,1.4387096235031138e-05,0.014387096235031139,69506.72906219256,1.3976375005180289e-06,1.4319048414374221e-05
0.000888,0.352,0.011950030734526374,42.75237250328064,83.96587637549396,1.4363844728651e-05,0.014363844728651001,69619.24323822152,1.5099381552081742e-06,1.428426134443926e-05
0.000896,0.44,0.013298189651938958,43.1252658367157,85.3552436004382,7.65662835289244e-06,0.0076566283528924405,130605.79068360168,6.200148532718762e-07,7.631483428275177e-06
0.000904,0.456,0.012799120852340954,43.456685066223145,85.03261839875461,7.809449747955531e-06,0.007809449747955531,128049.99484909858,6.76209293520199e-07,7.780118659583517e-06
0.0009119999999999999,0.40800000000000003,0.010498169280369944,43.828163862228394,84.96548942493524,7.992967523874061e-06,0.00799296752387406,125109.9791176577,7.0142892406092e-07,7.96213082674457e-06
0.0009199999999999999,0.296,0.006666568892188488,44.15974760055542,84.97180609235897,8.080741413322287e-06,0.008080741413322287,123751.02095846715,7.082441463089358e-07,8.049644216870769e-06
0.000928,0.14400000000000002,0.0018283979238594905,44.5298056602478,85.48635138921475,8.148566667851608e-06,0.008148566667851609,122720.96931418403,6.412642664414048e-07,8.123294829132304e-06
0.000936,-0.024,-0.00328391032312283,45.0462965965271,85.52245054180707,1.663445167065924e-05,0.01663445167065924,60116.19858584548,1.2986260538260135e-06,1.6583683328977983e-05
0.000944,-0.192,-0.007862324506102643,45.42895317077637,85.7464124949102,1.691395014004622e-05,0.016913950140046218,59122.794599728404,1.2545234397611515e-06,1.6867361390539405e-05
0.0009519999999999999,-0.336,-0.011203122860933829,45.80211353302002,85.79786382618641,1.7257259397657777e-05,0.017257259397657775,57946.62854379554,1.2645322438857818e-06,1.7210867500571286e-05
0.0009599999999999999,-0.432,-0.012845716357091298,46.13198637962341,85.87131915015459,1.76122375412211e-05,0.0176122375412211,56778.702743448666,1.2680235027684153e-06,1.7566531461982605e-05
0.000968,-0.456,-0.01259591444482823,46.49874567985535,85.96357961273247,1.783208662583527e-05,0.01783208662583527,56078.686750612345,1.2552106858176074e-06,1.7787854270976655e-05
0.000976,-0.424,-0.0105043526007712,46.8766508102417,86.09144954517012,1.8231490320709753e-05,0.018231490320709753,54850.15116202908,1.2427345498448466e-06,1.818908601752038e-05
0.0009839999999999998,-0.32,-0.006874941837850288,47.39199781417847,85.94273044588488,1.845372868582397e-05,0.01845372868582397,54189.590462993714,1.305666744719135e-06,1.8407480456644167e-05
0.000992,-0.176,-0.002231008472662996,47.7232403755188,86.3831875363527,1.886491864271178e-05,0.01886491864271178,53008.44487799247,1.1900626549299938e-06,1.8827344642128256e-05
0.001,-0.008,0.0027540515346431075,48.09493327140808,86.35975877524851,1.9118225185322584e-05,0.019118225185322583,52306.11054669021,1.2138440284895117e-06,1.907965190749567e-05
0.001008,0.152,0.007309748296458693,48.423954248428345,86.28526287983948,1.9314024551070122e-05,0.019314024551070123,51775.848029798304,1.2513359746571667e-06,1.927344553103747e-05
0.001016,0.304,0.0107289102706386,48.804624795913696,86.29905825419172,1.9704617343453463e-05,0.019704617343453464,50749.5264977695,1.2719076413860242e-06,1.966352449597251e-05
0.001024,0.41600000000000004,0.012582894880547035,49.12430548667908,86.09586502282855,1.9701638192776827e-05,0.019701638192776826,50757.20050359203,1.341431199031113e-06,1.9655917933725417e-05
0.001032,0.456,0.01272440221717333,49.645631313323975,86.27898229372096,1.9919094275484416e-05,0.019919094275484415,50203.08585168744,1.2927166999352631e-06,1.9877102411804002e-05
0.00104,0.44,0.011149518548264428,50.0160813331604,86.25996742032333,2.0558319507699593e-05,0.020558319507699593,48642.108107400294,1.341009650849847e-06,2.051453616577741e-05
0.0010479999999999999,0.352,0.007986531492008292,50.34429740905762,86.7928653999922,2.0464571320861645e-05,0.020464571320861644,48864.93757045363,1.1449074826051077e-06,2.0432519820201027e-05
0.0010559999999999999,0.216,0.0035957873971597136,50.6748263835907,86.49338634404114,2.0856551393137815e-05,0.020856551393137815,47946.56514158991,1.2756649766045796e-06,2.0817502609152313e-05
0.001064,0.048,-0.0013868277018901209,51.055251359939575,86.67932970451682,2.1078045989972275e-05,0.021078045989972274,47442.72787315022,1.2209287345386995e-06,2.104265562567054e-05
0.001072,-0.12,-0.006144321338987147,51.42629289627075,86.71738587513812,2.1323593369403175e-05,0.021323593369403177,46896.4110633849,1.2210121288943569e-06,2.1288606426085007e-05
0.00108,-0.28,-0.009892781689711866,51.94080591201782,86.81960375377389,2.165400987999061e-05,0.02165400987999061,46180.8231150781,1.2013619817400678e-06,2.16206584837641e-05
0.001088,-0.4,-0.012084040356318257,52.27068638801575,86.85166789501119,2.1942368755339016e-05,0.021942368755339017,45573.93101675406,1.205099327337367e-06,2.190925106448253e-05
0.001096,-0.456,-0.012472491543439762,52.60150980949402,86.74095928079868,2.216041066735068e-05,0.02216041066735068,45125.51752812584,1.259826513004018e-06,2.2124570913415742e-05
0.001104,-0.448,-0.011074880898035343,52.972214221954346,86.81219510498511,2.2546948975577414e-05,0.022546948975577415,44351.898834879525,1.2538130797483675e-06,2.2512060342588443e-05
0.001112,-0.368,-0.008112398868375545,53.301305294036865,87.0203388897217,2.2660500204582785e-05,0.022660500204582785,44129.652521869895,1.1779258588970146e-06,2.262986434322659e-05
0.00112,-0.24,-0.003974417430897097,53.677266359329224,86.88340773712292,2.2807463295848497e-05,0.022807463295848495,43845.29691129762,1.2399956299901988e-06,2.2773730323095545e-05
0.0011279999999999999,-0.08,0.0008006915288808719,54.188241720199585,86.90411631054451,2.3027297625602964e-05,0.023027297625602964,43426.71972451285,1.2436369853880259e-06,2.2993690503846374e-05
0.0011359999999999999,0.08,0.0055490915770572595,54.51854395866394,87.01532291958182,2.358647722915986e-05,0.02358647722915986,42397.174884755754,1.2281215819044577e-06,2.3554482067363253e-05
0.001144,0.248,0.009553961661198557,54.899253845214844,86.9090575981163,2.3599495291014266e-05,0.023599495291014266,42373.78756065006,1.272507411649352e-06,2.3565162907943197e-05
0.001152,0.376,0.012198749236492818,55.2178099155426,86.90720763407245,2.385084964385024e-05,0.02385084964385024,41927.227538321364,1.2868296537007817e-06,2.3816110055504603e-05
0.00116,0.448,0.013116570879867525,55.59909176826477,86.97390736939457,2.4099044756324055e-05,0.024099044756324055,41495.420673783374,1.272206140931928e-06,2.4065440982917494e-05
0.001168,0.456,0.012217233989269417,55.929150104522705,87.17274872576218,2.4349744586343296e-05,0.024349744586343296,41068.19258222758,1.2010467902649897e-06,2.4320105839155983e-05
0.001176,0.392,0.009624718169970771,56.44273328781128,87.20446833847757,2.4632726899911466e-05,0.024632726899911465,40596.39860674923,1.2013842904412813e-06,2.460341257452516e-05
0.001184,0.28,0.005658128975082683,56.81486916542053,87.35434364339363,2.4932604600079153e-05,0.024932604600079154,40108.12412261274,1.150864272375945e-06,2.4906029060660327e-05
0.001192,0.12,0.0008625859826022081,57.14483880996704,87.4389543436996,2.5182108932100906e-05,0.025182108932100905,39710.73283402605,1.1252322191879015e-06,2.5156956547267353e-05
0.0012,-0.048,-0.004040544048957923,57.51585030555725,87.51624738606313,2.5627217670404315e-05,0.025627217670404316,39021.01323917241,1.1105832866069475e-06,2.5603142195632797e-05
0.0012079999999999999,-0.216,-0.008305193937958727,57.84509086608887,87.55354424757746,2.5825192076790265e-05,0.025825192076790265,38721.88044241981,1.102367292338733e-06,2.5801653670954742e-05
0.0012159999999999999,-0.352,-0.011306092039800408,58.22646641731262,87.36465457007569,2.6172493640485997e-05,0.026172493640485996,38208.05207697554,1.2033913281986778e-06,2.614481349469711e-05
0.001224,-0.44,-0.012623622014915022,58.741538524627686,87.81002989853903,2.6233495814824782e-05,0.026233495814824783,38119.204815809986,1.0024575004046788e-06,2.6214335422175244e-05
0.001232,-0.456,-0.012084322804470561,59.06219792366028,87.39688475566294,2.6779334756838337e-05,0.026779334756838337,37342.22709713285,1.2162451704686801e-06,2.6751701211401893e-05
0.00124,-0.40800000000000003,-0.009769866295978945,59.44269156455994,87.41495828371058,2.680151204072863e-05,0.026801512040728632,37311.32775197014,1.2088067286051458e-06,2.6774238251763592e-05
0.001248,-0.304,-0.005996968657288645,59.77280116081238,87.42434925655868,2.714957115248386e-05,0.02714957115248386,36832.994318163,1.2200595596960607e-06,2.7122143507373786e-05
0.001256,-0.152,-0.0012918612594165911,60.144352197647095,87.56706257123648,2.733984000880362e-05,0.02733984000880362,36576.65881285307,1.1605764572103384e-06,2.731519566091278e-05
0.001264,0.016,0.003634606314512843,60.47388768196106,87.41243880129747,2.768050264342207e-05,0.02768050264342207,36126.511605729014,1.2496670867170019e-06,2.7652279449710333e-05
0.001272,0.176,0.007986271487866865,60.98774576187134,87.51277836344593,2.8019377036558947e-05,0.02801937703655895,35689.587198717025,1.2159449700416443e-06,2.7992980679925408e-05
0.0012799999999999999,0.32,0.011104773814411013,61.359275579452515,87.44694733367413,2.8221607659381038e-05,0.02822160765938104,35433.842468134295,1.2571154535472164e-06,2.8193595010507034e-05
0.0012879999999999999,0.424,0.012644538544028958,,,,,,,
0.0012959999999999998,0.456,0.012512023789290228,,,,,,,
0.001304,0.424,0.010724983640952142,,,,,,,
0.001312,0.336,0.007432385641485706,,,,,,,
0.00132,0.192,0.0030276074666494954,,,,,,,
0.001328,0.024,-0.0018593220524098604,,,,,,,
0.001336,-0.152,-0.006503533146752406,,,,,,,
0.001344,-0.304,-0.010206745159018734,,,,,,,
0.001352,-0.40800000000000003,-0.012380123688807261,,,,,,,
0.0013599999999999999,-0.456,-0.012661397940450625,,,,,,,
0.0013679999999999999,-0.44,-0.0110146021911397,,,,,,,
0.0013759999999999998,-0.352,-0.00772860599157726,,,,,,,
0.001384,-0.216,-0.0033184640826665873,,,,,,,
0.001392,-0.056,0.001582125494042828,,,,,,,
0.0014,0.112,0.006273967787156672,,,,,,,
0.001408,0.264,0.010070533182889065,,,,,,,
0.001416,0.392,0.012440528721068798,,,,,,,
0.001424,0.456,0.013097438683374102,,,,,,,
0.001432,0.448,0.011987209975996704,,,,,,,
0.0014399999999999999,0.384,0.00924538549522221,,,,,,,
0.0014479999999999999,0.256,0.005182719478647766,,,,,,,
0.0014559999999999998,0.096,0.0003238707811381202,,,,,,,
0.001464,-0.08,-0.004586943986311552,,,,,,,
0.001472,-0.24,-0.008750888527877337,,,,,,,
0.00148,-0.368,-0.011553594203531898,,,,,,,
0.001488,-0.448,-0.012655796809487141,,,,,,,
0.001496,-0.456,-0.011944495124000906,,,,,,,
0.001504,-0.4,-0.009493593168404275,,,,,,,
0.0015119999999999999,-0.28,-0.005577318970274561,,,,,,,
0.0015199999999999999,-0.128,-0.0007083367581667828,,,,,,,
0.0015279999999999998,0.04,0.004361284760934634,,,,,,,
0.001536,0.2,0.008775854695248733,,,,,,,
0.001544,0.34400000000000003,0.011830405245670745,,,,,,,
0.001552,0.432,0.01313700451181698,,,,,,,
0.00156,0.456,0.012594234134112661,,,,,,,
0.001568,0.41600000000000004,0.010319828069861637,,,,,,,
0.001576,0.312,0.006658237029644977,,,,,,,
0.001584,0.168,0.0021606438859907984,,,,,,,
0.0015919999999999999,-0.008,-0.002533301089385916,,,,,,,
0.0015999999999999999,-0.176,-0.0068165994324195485,,,,,,,
0.0016079999999999998,-0.32,-0.01015120616385083,,,,,,,
0.001616,-0.424,-0.012077786318208645,,,,,,,
0.001624,-0.464,-0.012269551701863985,,,,,,,
0.001632,-0.432,-0.010613148129721224,,,,,,,
0.00164,-0.336,-0.0072721289108215815,,,,,,,
0.001648,-0.192,-0.0027090274448520676,,,,,,,
0.001656,-0.032,0.002341048855194306,,,,,,,
0.001664,0.136,0.007004175760534523,,,,,,,
0.0016719999999999999,0.28800000000000003,0.01053762869952109,,,,,,,
0.0016799999999999999,0.4,0.012527843755352076,,,,,,,
0.0016879999999999998,0.456,0.01283437123583197,,,,,,,
0.001696,0.44,0.011459751567280107,,,,,,,
0.001704,0.36,0.0085377417502058,,,,,,,
0.001712,0.232,0.00438084858733986,,,,,,,
0.00172,0.064,-0.0004887382941234956,,,,,,,
0.001728,-0.10400000000000001,-0.005360378267311102,,,,,,,
0.001736,-0.264,-0.00945773738039192,,,,,,,
0.0017439999999999999,-0.384,-0.012119751304609386,,,,,,,
0.0017519999999999999,-0.448,-0.012931182692110294,,,,,,,
0.0017599999999999998,-0.448,-0.011778792682397933,,,,,,,
0.0017679999999999998,-0.384,-0.008862691490911725,,,,,,,
0.001776,-0.256,-0.00464374160869714,,,,,,,
0.001784,-0.096,0.0002570482504924388,,,,,,,
0.001792,0.064,0.005131714360222789,,,,,,,
0.0018,0.224,0.009260606984510375,,,,,,,
0.001808,0.36,0.01205286241081893,,,,,,,
0.001816,0.44,0.013164301878668393,,,,,,,
0.0018239999999999999,0.456,0.012496506145919031,,,,,,,
0.0018319999999999999,0.40800000000000003,0.010135805159889447,,,,,,,
0.0018399999999999998,0.28800000000000003,0.006342869046619568,,,,,,,
0.0018479999999999998,0.136,0.0016035222978638877,,,,,,,
0.001856,-0.032,-0.003380404984589091,,,,,,,
0.001864,-0.2,-0.007835052237081584,,,,,,,
0.001872,-0.34400000000000003,-0.011092692295070232,,,,,,,
0.00188,-0.432,-0.012694159293842365,,,,,,,
0.001888,-0.456,-0.012422174689828537,,,,,,,
0.001896,-0.41600000000000004,-0.010312448661145354,,,,,,,
0.0019039999999999999,-0.32,-0.006654417105147338,,,,,,,
0.0019119999999999999,-0.168,-0.0019737855040265315,,,,,,,
0.0019199999999999998,-0.008,0.003016707901335774,,,,,,,
0.0019279999999999998,0.16,0.00753104726128958,,,,,,,
0.001936,0.312,0.010886772656373484,,,,,,,
0.001944,0.41600000000000004,0.012647356146711796,,,,,,,
0.001952,0.456,0.012648729198865916,,,,,,,
0.00196,0.432,0.01095551195515851,,,,,,,
0.0019679999999999997,0.34400000000000003,0.00781060339249208,,,,,,,
0.001976,0.20800000000000002,0.003603107049725463,,,,,,,
0.001984,0.04,-0.0011310193874438223,,,,,,,
0.001992,-0.128,-0.005721908632938125,,,,,,,
0.002,-0.28800000000000003,-0.009467253299842257,,,,,,,
0.002008,-0.4,-0.011792502555655525,,,,,,,
0.002016,-0.456,-0.012362078788043839,,,,,,,
0.0020239999999999998,-0.448,-0.011107551912393876,,,,,,,
0.002032,-0.368,-0.008204221243938986,,,,,,,
0.0020399999999999997,-0.232,-0.004037243507595102,,,,,,,
0.002048,-0.07200000000000001,0.0008116691730984505,,,,,,,
0.002056,0.088,0.0056132207626656706,,,,,,,
0.002064,0.248,0.009633194973708613,,,,,,,
0.002072,0.376,0.012287585742749501,,,,,,,
0.00208,0.448,0.013217391230081527,,,,,,,
0.002088,0.456,0.012301584477941078,,,,,,,
0.0020959999999999998,0.392,0.009653952054621247,,,,,,,
0.002104,0.272,0.00561924590068489,,,,,,,
0.0021119999999999997,0.112,0.000765831726903571,,,,,,,
0.00212,-0.056,-0.00417120667035913,,,,,,,
0.002128,-0.224,-0.008427961790104384,,,,,,,
0.002136,-0.36,-0.01135905039012921,,,,,,,
0.002144,-0.44,-0.01254015966082776,,,,,,,
0.002152,-0.456,-0.011840859845348094,,,,,,,
0.00216,-0.40800000000000003,-0.009425182718847696,,,,,,,
0.002168,-0.296,-0.005663897312554609,,,,,,,
0.002176,-0.14400000000000002,-0.0010603895845393107,,,,,,,
0.0021839999999999997,0.016,0.0037609122822126664,,,,,,,
0.002192,0.184,0.008089716574246815,,,,,,,
0.0021999999999999997,0.328,0.01127023015962179,,,,,,,
0.002208,0.424,0.012864453112485637,,,,,,,
0.002216,0.456,0.012692409857896854,,,,,,,
0.002224,0.424,0.010783041726767343,,,,,,,
0.002232,0.328,0.007353804430229101,,,,,,,
0.00224,0.184,0.00282852752378336,,,,,,,
0.002248,0.016,-0.0021546965921277117,,,,,,,
0.0022559999999999998,-0.16,-0.006813986187180193,,,,,,,
0.002264,-0.304,-0.01040898455661724,,,,,,,
0.0022719999999999997,-0.41600000000000004,-0.012422595921958015,,,,,,,
0.00228,-0.456,-0.012614823733829493,,,,,,,
0.002288,-0.44,-0.01099200052819635,,,,,,,
0.002296,-0.352,-0.007779115259553286,,,,,,,
0.002304,-0.20800000000000002,-0.0034147654516415195,,,,,,,
0.002312,-0.048,0.0014787333726667706,,,,,,,
0.00232,0.12,0.006180618477533814,,,,,,,
0.0023279999999999998,0.272,0.009990333088113708,,,,,,,
0.002336,0.392,0.012357987841337311,,,,,,,
0.0023439999999999997,0.456,0.01297815682517883,,,,,,,
0.002352,0.448,0.011801046423694854,,,,,,,
0.0023599999999999997,0.376,0.00899815765480927,,,,,,,
0.002368,0.248,0.004933172800956347,,,,,,,
0.002376,0.088,0.00013915808576998412,,,,,,,
0.002384,-0.088,-0.0047081641215734596,,,,,,,
0.002392,-0.248,-0.008865999950348551,,,,,,,
0.0024,-0.376,-0.011676300681435839,,,,,,,
0.002408,-0.448,-0.012708631093943585,,,,,,,
0.0024159999999999997,-0.456,-0.011817851631348117,,,,,,,
0.002424,-0.392,-0.009136983573659023,,,,,,,
0.0024319999999999997,-0.272,-0.005048177569754532,,,,,,,
0.00244,-0.12,-0.00015140462029150452,,,,,,,
0.002448,0.048,0.004787294548481558,,,,,,,
0.002456,0.20800000000000002,0.008961228684998665,,,,,,,
0.002464,0.352,0.011742515519176495,,,,,,,
0.002472,0.44,0.012844750495600896,,,,,,,
0.00248,0.456,0.012254815467393048,,,,,,,
0.0024879999999999998,0.41600000000000004,0.010081982278612409,,,,,,,
0.002496,0.304,0.006556197295746675,,,,,,,
0.0025039999999999997,0.16,0.0021005786070371567,,,,,,,
0.002512,-0.016,-0.002687018356033249,,,,,,,
0.0025199999999999997,-0.184,-0.007122294563474719,,,,,,,
0.002528,-0.328,-0.010518575958937439,,,,,,,
0.002536,-0.424,-0.01229928140038412,,,,,,,
0.002544,-0.464,-0.012155209624735121,,,,,,,
0.002552,-0.424,-0.010139161224760485,,,,,,,
0.0025599999999999998,-0.328,-0.006614600714540483,,,,,,,
0.002568,-0.184,-0.0021316224600682722,,,,,,,
0.0025759999999999997,-0.024,0.0026621723518832218,,,,,,,
0.002584,0.14400000000000002,0.007079688284191475,,,,,,,
0.0025919999999999997,0.296,0.010489211738135485,,,,,,,
0.0026,0.40800000000000003,0.012431010828624271,,,,,,,
0.002608,0.456,0.012664011070809684,,,,,,,
0.002616,0.44,0.011153920540906205,,,,,,,
0.002624,0.36,0.008081045270862695,,,,,,,
0.002632,0.224,0.00385324166341389,,,,,,,
0.00264,0.064,-0.0009307062019062843,,,,,,,
0.0026479999999999997,-0.112,-0.0055653496167522845,,,,,,,
0.002656,-0.272,-0.009356331260610591,,,,,,,
0.0026639999999999997,-0.392,-0.011763890636932051,,,,,,,
0.002672,-0.456,-0.012483694073722037,,,,,,,
0.00268,-0.448,-0.011413343056594735,,,,,,,
0.002688,-0.376,-0.00863986981675758,,,,,,,
0.002696,-0.256,-0.004506903080130249,,,,,,,
0.002704,-0.088,0.00038083638459940014,,,,,,,
0.002712,0.07200000000000001,0.005263625597208429,,,,,,,
0.0027199999999999998,0.232,0.009379571236301149,,,,,,,
0.002728,0.368,0.012132051726615063,,,,,,,
0.0027359999999999997,0.44,0.013188730699937198,,,,,,,
0.002744,0.456,0.012454316491318704,,,,,,,
0.0027519999999999997,0.4,0.010017947052187256,,,,,,,
0.00276,0.28800000000000003,0.0061669226673010166,,,,,,,
0.002768,0.128,0.0014198229489064606,,,,,,,
0.002776,-0.04,-0.003518495455102363,,,,,,,
0.002784,-0.20800000000000002,-0.007895989295791873,,,,,,,
0.0027919999999999998,-0.34400000000000003,-0.011056071384605145,,,,,,,
0.0028,-0.432,-0.01253583103768607,,,,,,,
0.0028079999999999997,-0.456,-0.012141023825351364,,,,,,,
0.002816,-0.41600000000000004,-0.009966345933400464,,,,,,,
0.0028239999999999997,-0.312,-0.006335261267822557,,,,,,,
0.002832,-0.16,-0.001736989477507941,,,,,,,
0.00284,0.0,0.0031807581587427443,,,,,,,
0.002848,0.168,0.0076566650072895865,,,,,,,
0.002856,0.312,0.010995459103658223,,,,,,,
0.002864,0.41600000000000004,0.012751889433342833,,,,,,,
0.002872,0.456,0.01274419610646621,,,,,,,
0.0028799999999999997,0.432,0.010987241307775963,,,,,,,
0.002888,0.34400000000000003,0.007695234678235923,,,,,,,
0.0028959999999999997,0.2,0.0033104104801811103,,,,,,,
0.002904,0.032,-0.0015359063546800103,,,,,,,
0.0029119999999999997,-0.136,-0.006137456304932335,,,,,,,
0.00292,-0.296,-0.009840702452117682,,,,,,,
0.002928,-0.40800000000000003,-0.012124490104499664,,,,,,,
0.002936,-0.456,-0.012646358582433391,,,,,,,
0.002944,-0.44,-0.011297517853819236,,,,,,,
0.0029519999999999998,-0.36,-0.008241053352609143,,,,,,,
0.00296,-0.232,-0.003898195369574291,,,,,,,
0.0029679999999999997,-0.064,0.0010899125190518674,,,,,,,
0.002976,0.096,0.005937522083434007,,,,,,,
0.0029839999999999997,0.256,0.009874550494484807,,,,,,,
0.002992,0.384,0.012322555835269559,,,,,,,
0.003,0.448,0.012985526820046051,,,,,,,
0.003008,0.448,0.01184515208709705,,,,,,,
0.003016,0.384,0.009095444070775376,,,,,,,
0.0030239999999999998,0.264,0.0050883544025737745,,,,,,,
0.003032,0.10400000000000001,0.00033788138996987914,,,,,,,
0.0030399999999999997,-0.064,-0.004484485837936412,,,,,,,
0.003048,-0.232,-0.008644377502000698,,,,,,,
0.0030559999999999997,-0.36,-0.011500535069614282,,,,,,,
0.003064,-0.44,-0.012636421503874777,,,,,,,
0.003072,-0.456,-0.011910562117262085,,,,,,,
0.00308,-0.4,-0.009438792595813955,,,,,,,
0.003088,-0.28800000000000003,-0.005564762405650492,,,,,,,
0.003096,-0.136,-0.0008258366437127989,,,,,,,
0.003104,0.024,0.004088136638835354,,,,,,,
0.0031119999999999997,0.192,0.00840488962391734,,,,,,,
0.00312,0.336,0.011454560707058675,,,,,,,
0.0031279999999999997,0.432,0.012859500412552502,,,,,,,
0.003136,0.456,0.012514481508276462,,,,,,,
0.0031439999999999997,0.424,0.010476547999223918,,,,,,,
0.003152,0.32,0.006977772328844957,,,,,,,
0.00316,0.176,0.0024812737420404495,,,,,,,
0.003168,0.008,-0.002366141930724726,,,,,,,
0.003176,-0.16,-0.006856392951367318,,,,,,,
0.0031839999999999998,-0.312,-0.010340944777235885,,,,,,,
0.003192,-0.41600000000000004,-0.01233098776832144,,,,,,,
0.0031999999999999997,-0.456,-0.012546581280278071,,,,,,,
0.003208,-0.432,-0.010917237779163667,,,,,,,
0.0032159999999999997,-0.34400000000000003,-0.007611484394602649,,,,,,,
0.003224,-0.20800000000000002,-0.0030864773508083184,,,,,,,
0.003232,-0.04,0.0019495359731670993,,,,,,,
0.00324,0.128,0.006685719831558034,,,,,,,
0.003248,0.28,0.01039568901567195,,,,,,,
0.0032559999999999998,0.4,0.012582395122207502,,,,,,,
0.003264,0.456,0.013019270104772853,,,,,,,
0.0032719999999999997,0.448,0.011695483950791173,,,,,,,
0.00328,0.368,0.008768155409713874,,,,,,,
0.0032879999999999997,0.24,0.00458301855689362,,,,,,,
0.003296,0.08,-0.00030633338660024595,,,,,,,
0.0033039999999999996,-0.096,-0.0051831063728389505,,,,,,,
0.003312,-0.256,-0.009276012259263033,,,,,,,
0.00332,-0.376,-0.011931219444688272,,,,,,,
0.003328,-0.448,-0.01277201319856643,,,,,,,
0.003336,-0.456,-0.011732093756467834,,,,,,,
0.0033439999999999998,-0.392,-0.008991231527379453,,,,,,,
0.003352,-0.272,-0.004918560685629665,,,,,,,
0.0033599999999999997,-0.112,-5.6616349000139336e-05,,,,,,,
0.003368,0.056,0.004889950925606996,,,,,,,
0.0033759999999999997,0.216,0.009145123404815552,,,,,,,
0.003384,0.352,0.012057479140965634,,,,,,,
0.003392,0.44,0.013260308106771881,,,,,,,
0.0034,0.456,0.012658715397422075,,,,,,,
0.003408,0.40800000000000003,0.010342251900898132,,,,,,,
0.0034159999999999998,0.304,0.006584767157609835,,,,,,,
0.003424,0.152,0.0018759961205768471,,,,,,,
0.0034319999999999997,-0.024,-0.0031129476556843666,,,,,,,
0.00344,-0.192,-0.007617143289362134,,,,,,,
0.0034479999999999997,-0.336,-0.010930220114908684,,,,,,,
0.003456,-0.424,-0.012567636888481,,,,,,,
0.0034639999999999996,-0.464,-0.01232221680619379,,,,,,,
0.003472,-0.424,-0.010248433751702889,,,,,,,
0.00348,-0.328,-0.006652244136107083,,,,,,,
0.0034879999999999998,-0.176,-0.002058580011531445,,,,,,,
0.003496,-0.016,0.0028550285561152935,,,,,,,
0.0035039999999999997,0.152,0.007345261628801176,,,,,,,
0.003512,0.304,0.010749482624023483,,,,,,,
0.0035199999999999997,0.40800000000000003,0.012637753834844301,,,,,,,
0.003528,0.456,0.012823507130102147,,,,,,,
0.0035359999999999996,0.44,0.0112899796211965,,,,,,,
0.003544,0.352,0.008198050303912189,,,,,,,
0.003552,0.216,0.003933649643785274,,,,,,,
0.00356,0.056,-0.0009185249082588056,,,,,,,
0.003568,-0.12,-0.005647730861113071,,,,,,,
0.0035759999999999998,-0.28,-0.009520879717024476,,,,,,,
0.003584,-0.392,-0.011948679642129123,,,,,,,
0.0035919999999999997,-0.456,-0.012607619209721989,,,,,,,
0.0036,-0.448,-0.011433930124444243,,,,,,,
0.0036079999999999997,-0.376,-0.008588881152875857,,,,,,,
0.003616,-0.248,-0.004454408109852267,,,,,,,
0.003624,-0.08,0.0003894265398727731,,,,,,,
0.003632,0.08,0.005227744148979574,,,,,,,
0.00364,0.24,0.009319447409607804,,,,,,,
0.0036479999999999998,0.368,0.012047084745234169,,,,,,,
0.003656,0.448,0.013040964205740541,,,,,,,
0.0036639999999999997,0.456,0.01221171290313681,,,,,,,
0.003672,0.4,0.009703675818623553,,,,,,,
0.0036799999999999997,0.28,0.0058342878235128895,,,,,,,
0.003688,0.128,0.001092694876919198,,,,,,,
0.0036959999999999996,-0.048,-0.003843852073526089,,,,,,,
0.003704,-0.216,-0.00820446394787278,,,,,,,
0.003712,-0.352,-0.011304639823767993,,,,,,,
0.0037199999999999998,-0.44,-0.012681956795890395,,,,,,,
0.003728,-0.456,-0.012153170998019658,,,,,,,
0.0037359999999999997,-0.41600000000000004,-0.009821084049530904,,,,,,,
0.003744,-0.304,-0.006043316475335839,,,,,,,
0.0037519999999999997,-0.152,-0.0013661668233565293,,,,,,,
0.00376,0.008,0.0035378833814861043,,,,,,,
0.0037679999999999996,0.176,0.007924229526343638,,,,,,,
0.003776,0.32,0.011125700101836963,,,,,,,
0.003784,0.424,0.01274016148033503,,,,,,,
0.003792,0.456,0.012632539399553267,,,,,,,
0.0038,0.432,0.010825420843671359,,,,,,,
0.0038079999999999998,0.336,0.007504889920072882,,,,,,,
0.003816,0.192,0.0030837124270030733,,,,,,,
0.0038239999999999997,0.024,-0.0018156571903711976,,,,,,,
0.003832,-0.14400000000000002,-0.006446050206564848,,,,,,,
0.0038399999999999997,-0.296,-0.010074140867165472,,,,,,,
0.003848,-0.40800000000000003,-0.012144918815428259,,,,,,,
0.0038559999999999996,-0.456,-0.012381630558544696,,,,,,,
0.003864,-0.44,-0.010802517502549293,,,,,,,
0.003872,-0.36,-0.007676311436672822,,,,,,,
0.0038799999999999998,-0.224,-0.003434800818103819,,,,,,,
0.003888,-0.056,0.0013673674274758494,,,,,,,
0.0038959999999999997,0.10400000000000001,0.006045899822863069,,,,,,,
0.003904,0.264,0.0098850793228533,,,,,,,
0.003912,0.384,0.01231734793226104,,,,,,,
0.00392,0.448,0.013014379209865073,,,,,,,
0.003928,0.448,0.011890175472478774,,,,,,,
0.003935999999999999,0.384,0.00909535045225564,,,,,,,
0.003944,0.256,0.005007126855175792,,,,,,,
0.003952,0.096,0.0001989518039719159,,,,,,,
0.00396,-0.07200000000000001,-0.004613205327731231,,,,,,,
0.003968,-0.24,-0.008676340917955758,,,,,,,
0.0039759999999999995,-0.368,-0.011377817082508467,,,,,,,
0.003984,-0.448,-0.012377467901447293,,,,,,,
0.003992,-0.456,-0.011594262775253291,,,,,,,
0.004,-0.4,-0.009146940473733855,,,,,,,
0.004007999999999999,-0.28800000000000003,-0.005341724187945109,,,,,,,
0.004016,-0.128,-0.0006826542212341603,,,,,,,
0.004024,0.032,0.004151348088886838,,,,,,,
0.004032,0.2,0.008412541123162517,,,,,,,
0.00404,0.34400000000000003,0.011464655482167286,,,,,,,
0.0040479999999999995,0.432,0.012918422448424264,,,,,,,
0.004056,0.456,0.012618678993976826,,,,,,,
0.004064,0.41600000000000004,0.010587466118045428,,,,,,,
0.004072,0.32,0.00705747067388382,,,,,,,
0.004079999999999999,0.168,0.002514030966408106,,,,,,,
0.004088,0.0,-0.00236693974982308,,,,,,,
0.004096,-0.168,-0.0068480891139858155,,,,,,,
0.004104,-0.32,-0.010263030108062381,,,,,,,
0.004112,-0.41600000000000004,-0.012120356103071247,,,,,,,
0.0041199999999999995,-0.456,-0.012159736692080309,,,,,,,
0.004128,-0.432,-0.010378815634139022,,,,,,,
0.004136,-0.336,-0.00703183327148791,,,,,,,
0.004144,-0.2,-0.0025909267939704865,,,,,,,
0.0041519999999999994,-0.032,0.002299389483425708,,,,,,,
0.00416,0.128,0.006893777006138311,,,,,,,
0.004168,0.28800000000000003,0.01048834333317243,,,,,,,
0.004176,0.4,0.012575010884398373,,,,,,,
0.004184,0.456,0.012917336485020227,,,,,,,
0.0041919999999999995,0.44,0.011524439030268287,,,,,,,
0.0042,0.368,0.00858904929126163,,,,,,,
0.004208,0.232,0.004475513837975344,,,,,,,
0.004216,0.07200000000000001,-0.00027837558122445255,,,,,,,
0.0042239999999999995,-0.10400000000000001,-0.005002359876986644,,,,,,,
0.004232,-0.264,-0.008981023525352613,,,,,,,
0.00424,-0.384,-0.011603871965913014,,,,,,,
0.004248,-0.448,-0.012497528350484873,,,,,,,
0.004256,-0.448,-0.011544029641812652,,,,,,,
0.0042639999999999996,-0.384,-0.008861095747998789,,,,,,,
0.004272,-0.264,-0.004810792136391537,,,,,,,
0.00428,-0.10400000000000001,1.769897413541775e-05,,,,,,,
0.004288,0.064,0.004892714169986874,,,,,,,
0.0042959999999999995,0.224,0.009082121293295256,,,,,,,
0.004304,0.36,0.011990529143610625,,,,,,,
0.004312,0.44,0.01322571216285584,,,,,,,
0.00432,0.456,0.012610722597244625,,,,,,,
0.004327999999999999,0.40800000000000003,0.010197373819872476,,,,,,,
0.004336,0.296,0.006299093131413246,,,,,,,
0.004344,0.14400000000000002,0.0015000231431751363,,,,,,,
0.004352,-0.032,-0.0034445149873925294,,,,,,,
0.00436,-0.192,-0.007790984455299746,,,,,,,
0.0043679999999999995,-0.336,-0.01093318418607832,,,,,,,
0.004376,-0.432,-0.01245896433777953,,,,,,,
0.004384,-0.456,-0.01219865293577318,,,,,,,
0.004392,-0.424,-0.010219846157951563,,,,,,,
0.004399999999999999,-0.32,-0.006773551130314387,,,,,,,
0.004408,-0.176,-0.0022918134895574286,,,,,,,
0.004416,-0.008,0.0025918438894834703,,,,,,,
0.004424,0.16,0.007121433696993543,,,,,,,
0.004432,0.304,0.010598690026465926,,,,,,,
0.0044399999999999995,0.41600000000000004,0.012543749395606455,,,,,,,
0.004448,0.456,0.012735041607416375,,,,,,,
0.004456,0.432,0.011172097022975922,,,,,,,
0.004464,0.352,0.00805590937105617,,,,,,,
0.004471999999999999,0.20800000000000002,0.003775693032438159,,,,,,,
0.00448,0.048,-0.0011214750350337715,,,,,,,
0.004488,-0.128,-0.005944610966756916,,,,,,,
0.004496,-0.28,-0.009912836618718994,,,,,,,
0.004504,-0.4,-0.012344978303431366,,,,,,,
0.0045119999999999995,-0.456,-0.012867671186961546,,,,,,,
0.00452,-0.448,-0.011460106124540495,,,,,,,
0.004528,-0.368,-0.00837392427609804,,,,,,,
0.004536,-0.24,-0.004053045603152852,,,,,,,
0.004543999999999999,-0.08,0.0009043446962059856,,,,,,,
0.004552,0.088,0.005778378527288687,,,,,,,
0.00456,0.248,0.00982612756505941,,,,,,,
0.004568,0.376,0.012440779405388179,,,,,,,
0.004576,0.448,0.013275949661589176,,,,,,,
0.0045839999999999995,0.456,0.012263785089154152,,,,,,,
0.004592,0.392,0.009569627148458978,,,,,,,
0.0046,0.272,0.0055645934802104014,,,,,,,
0.004608,0.12,0.0008105847399489652,,,,,,,
0.0046159999999999994,-0.056,-0.0039966883508450145,,,,,,,
0.004624,-0.216,-0.008147693868572035,,,,,,,
0.004632,-0.352,-0.011049774717600224,,,,,,,
0.00464,-0.44,-0.012304975991598643,,,,,,,
0.004648,-0.456,-0.011743698860574277,,,,,,,
0.0046559999999999995,-0.40800000000000003,-0.009447750998635289,,,,,,,
0.004664,-0.304,-0.0057563372164495,,,,,,,
0.004672,-0.14400000000000002,-0.0012129736304568983,,,,,,,
0.00468,0.016,0.0035336818913434594,,,,,,,
0.0046879999999999995,0.184,0.007810323969303069,,,,,,,
0.004696,0.328,0.011005685854506203,,,,,,,
0.004704,0.424,0.012674822151812494,,,,,,,
0.004712,0.456,0.012585898509182824,,,,,,,
0.004719999999999999,0.424,0.010738505964445135,,,,,,,
0.0047279999999999996,0.328,0.007384612918936739,,,,,,,
0.004736,0.184,0.0029871808588188475,,,,,,,
0.004744,0.016,-0.0018539436524993578,,,,,,,
0.004752,-0.152,-0.006457852199868029,,,,,,,
0.0047599999999999995,-0.304,-0.010148857103828901,,,,,,,
0.004768,-0.40800000000000003,-0.012375637334296304,,,,,,,
0.004776,-0.456,-0.012801268566387468,,,,,,,
0.004784,-0.44,-0.011345609542883276,,,,,,,
0.004791999999999999,-0.352,-0.00818825566083548,,,,,,,
0.0048,-0.216,-0.0037514083516735244,,,,,,,
0.004808,-0.048,0.0013248817673487492,,,,,,,
0.004816,0.112,0.006261139400976423,,,,,,,
0.004824,0.272,0.010282502665678468,,,,,,,
0.0048319999999999995,0.392,0.012768054770763244,,,,,,,
0.00484,0.456,0.013377315973696471,,,,,,,
0.004848,0.448,0.012096781856404969,,,,,,,
0.004856,0.376,0.009161804970501298,,,,,,,
0.004863999999999999,0.248,0.004970733010680477,,,,,,,
0.004872,0.088,8.290065646532428e-05,,,,,,,
0.00488,-0.08,-0.004785823955068782,,,,,,,
0.004888,-0.24,-0.008874371675571749,,,,,,,
0.004896,-0.368,-0.011555839918170616,,,,,,,
0.0049039999999999995,-0.448,-0.012462840765450612,,,,,,,
0.004912,-0.456,-0.011518236105267964,,,,,,,
0.00492,-0.392,-0.008904743207410115,,,,,,,
0.004928,-0.28,-0.0050150507511937175,,,,,,,
0.004935999999999999,-0.12,-0.00040205552759997316,,,,,,,
0.004944,0.04,0.004286828956824779,,,,,,,
0.004952,0.20800000000000002,0.008392338819758802,,,,,,,
0.00496,0.34400000000000003,0.011351469845772686,,,,,,,
0.004968,0.432,0.012787973053230635,,,,,,,
0.0049759999999999995,0.456,0.012498573977599615,,,,,,,
0.004984,0.41600000000000004,0.010434758855646832,,,,,,,
0.004992,0.312,0.006796498769558065,,,,,,,
0.005,0.16,0.002097625217527141,,,,,,,
0.005007999999999999,-0.008,-0.0029281986033996067,,,,,,,
0.005016,-0.176,-0.0074942673345684075,,,,,,,
0.005024,-0.328,-0.010907176932862373,,,,,,,
0.005032,-0.424,-0.012680854347115054,,,,,,,
0.005039999999999999,-0.456,-0.012589876556489434,,,,,,,
0.0050479999999999995,-0.432,-0.010667274845491584,,,,,,,
0.005056,-0.336,-0.007194549926772502,,,,,,,
0.005064,-0.192,-0.0026722092825831557,,,,,,,
0.005072,-0.024,0.0022414453814412353,,,,,,,
0.0050799999999999994,0.136,0.006802537561538228,,,,,,,
0.005088,0.28800000000000003,0.01032248669511926,,,,,,,
0.005096,0.40800000000000003,0.012342707024707683,,,,,,,
0.005104,0.456,0.012662678800016302,,,,,,,
0.005111999999999999,0.44,0.01126382913282228,,,,,,,
0.0051199999999999996,0.36,0.008298809397263933,,,,,,,
0.005128,0.232,0.004127609319726218,,,,,,,
0.005136,0.064,-0.0006797723089043712,,,,,,,
0.005144,-0.10400000000000001,-0.0054071442587227785,,,,,,,
0.0051519999999999995,-0.264,-0.009330679724983137,,,,,,,
0.00516,-0.384,-0.011869431287960822,,,,,,,
0.005168,-0.448,-0.012665936083392032,,,,,,,
0.005176,-0.448,-0.01160861422551371,,,,,,,
0.005183999999999999,-0.384,-0.008828564085389748,,,,,,,
0.005192,-0.256,-0.004689250472512994,,,,,,,
0.0052,-0.096,0.0002049261491538654,,,,,,,
0.005208,0.064,0.00507347952969492,,,,,,,
0.005216,0.232,0.009158665673574012,,,,,,,
0.0052239999999999995,0.36,0.011906856778772247,,,,,,,
0.005232,0.44,0.013009923169548195,,,,,,,
0.00524,0.456,0.012349730357348663,,,,,,,
0.005248,0.4,0.009963434313610572,,,,,,,
0.005255999999999999,0.28800000000000003,0.00609870949753606,,,,,,,
0.005264,0.136,0.0012842145244779312,,,,,,,
0.005272,-0.032,-0.0037087967504043787,,,,,,,
0.00528,-0.2,-0.0080527224576699,,,,,,,
0.005288,-0.34400000000000003,-0.01110152936210575,,,,,,,
0.0052959999999999995,-0.432,-0.01250064177557329,,,,,,,
0.005304,-0.456,-0.012133556884207378,,,,,,,
0.005312,-0.41600000000000004,-0.01005743416679451,,,,,,,
0.00532,-0.312,-0.006511371867988749,,,,,,,
0.005327999999999999,-0.168,-0.0019497125293174882,,,,,,,
0.005336,0.0,0.0029534598322115205,,,,,,,
0.005344,0.168,0.007391329981922945,,,,,,,
0.005352,0.312,0.010656927373040232,,,,,,,
0.00536,0.41600000000000004,0.012361367326740733,,,,,,,
0.0053679999999999995,0.456,0.012404112374368932,,,,,,,
0.005376,0.432,0.010820017381164148,,,,,,,
0.005384,0.34400000000000003,0.007761587794661505,,,,,,,
0.005392,0.20800000000000002,0.0035706229973555647,,,,,,,
0.005399999999999999,0.04,-0.00121389282795519,,,,,,,
0.005408,-0.136,-0.00591253716058294,,,,,,,
0.005416,-0.28800000000000003,-0.009799956951067383,,,,,,,
0.005424,-0.4,-0.012235865189197347,,,,,,,
0.005431999999999999,-0.456,-0.01279780036089654,,,,,,,
0.0054399999999999995,-0.44,-0.011388985009572883,,,,,,,
0.005448,-0.368,-0.008253901180570733,,,,,,,
0.005456,-0.232,-0.0038715093159393823,,,,,,,
0.005464,-0.07200000000000001,0.001127893931535322,,,,,,,
0.0054719999999999994,0.096,0.005984844501767013,,,,,,,
0.00548,0.256,0.00994044375982528,,,,,,,
0.005488,0.376,0.012440750127084952,,,,,,,
0.005496,0.448,0.013209626367410805,,,,,,,
0.005503999999999999,0.448,0.012190570741579886,,,,,,,
0.0055119999999999995,0.392,0.009498675519964844,,,,,,,
0.00552,0.264,0.0054410541635414,,,,,,,
0.005528,0.112,0.0005574796654704916,,,,,,,
0.005536,-0.064,-0.004414070480194093,,,,,,,
0.0055439999999999994,-0.224,-0.008681096990208987,,,,,,,
0.005552,-0.36,-0.011579496179890458,,,,,,,
0.00556,-0.44,-0.012698475479338773,,,,,,,
0.005568,-0.456,-0.011907972908160605,,,,,,,
0.005575999999999999,-0.40800000000000003,-0.009343382796702935,,,,,,,
0.0055839999999999996,-0.296,-0.005397029982769648,,,,,,,
0.005592,-0.14400000000000002,-0.0006660564351177027,,,,,,,
0.0056,0.024,0.004146988861790243,,,,,,,
0.005608,0.192,0.008328664709133309,,,,,,,
0.0056159999999999995,0.328,0.011294697661390723,,,,,,,
0.005624,0.424,0.012726563435291802,,,,,,,
0.005632,0.456,0.012530508936948404,,,,,,,
0.00564,0.424,0.010715317806753041,,,,,,,
0.005647999999999999,0.328,0.007417749205508721,,,,,,,
0.005656,0.176,0.003013471972085667,,,,,,,
0.005664,0.008,-0.001888041650959435,,,,,,,
0.005672,-0.16,-0.006562811431832581,,,,,,,
0.00568,-0.312,-0.010300432920966872,,,,,,,
0.0056879999999999995,-0.41600000000000004,-0.012521832621848401,,,,,,,
0.005696,-0.456,-0.012870688538719052,,,,,,,
0.005704,-0.432,-0.011262406788645127,,,,,,,
0.005712,-0.34400000000000003,-0.007908334304771244,,,,,,,
0.005719999999999999,-0.20800000000000002,-0.003314076372733848,,,,,,,
0.005728,-0.04,0.0017756363797459328,,,,,,,
0.005736,0.12,0.006529252285565199,,,,,,,
0.005744,0.272,0.01023537582249676,,,,,,,
0.005752,0.392,0.01242615856091149,,,,,,,
0.0057599999999999995,0.456,0.01287339838771368,,,,,,,
0.005768,0.448,0.011546813469792324,,,,,,,
0.005776,0.376,0.008609961136429234,,,,,,,
0.005784,0.248,0.004434852914330645,,,,,,,
0.005791999999999999,0.08,-0.0004092839871659604,,,,,,,
0.0058,-0.088,-0.005208471942909808,,,,,,,
0.005808,-0.248,-0.009228585193393039,,,,,,,
0.005816,-0.376,-0.011882846190818721,,,,,,,
0.005823999999999999,-0.448,-0.012816563536371587,,,,,,,
0.0058319999999999995,-0.456,-0.011903685201120881,,,,,,,
0.00584,-0.392,-0.009254795760190636,,,,,,,
0.005848,-0.272,-0.00521526356580358,,,,,,,
0.005856,-0.112,-0.0003280213369284045,,,,,,,
0.005863999999999999,0.048,0.004686825350847233,,,,,,,
0.005872,0.216,0.009009564684265954,,,,,,,
0.00588,0.352,0.011947512688397105,,,,,,,
0.005888,0.44,0.013140163876635757,,,,,,,
0.005895999999999999,0.456,0.01253143663443321,,,,,,,
0.0059039999999999995,0.41600000000000004,0.010229787946278214,,,,,,,
0.005912,0.304,0.006487237811214153,,,,,,,
0.00592,0.152,0.0017665479530084621,,,,,,,
0.005928,-0.016,-0.0032499890476706296,,,,,,,
0.0059359999999999994,-0.184,-0.007762097565628709,,,,,,,
0.005944,-0.328,-0.01104675322913059,,,,,,,
0.005952,-0.424,-0.012637590726640115,,,,,,,
0.00596,-0.456,-0.012368693221326466,,,,,,,
0.005967999999999999,-0.424,-0.010320080604375049,,,,,,,
0.0059759999999999995,-0.328,-0.006774010277147443,,,,,,,
0.005984,-0.184,-0.002207407956210127,,,,,,,
0.005992,-0.016,0.002725389946405786,,,,,,,
0.006,0.14400000000000002,0.007268245725431767,,,,,,,
0.0060079999999999995,0.296,0.01072432732018677,,,,,,,
0.006016,0.40800000000000003,0.012623661372676034,,,,,,,
0.006024,0.456,0.012758995835380916,,,,,,,
0.006032,0.44,0.011130825703619243,,,,,,,
0.006039999999999999,0.36,0.007940461429921351,,,,,,,
0.0060479999999999996,0.224,0.003613736273273939,,,,,,,
0.006056,0.056,-0.0012299622844441653,,,,,,,
0.006064,-0.112,-0.005870049294035425,,,,,,,
0.006072,-0.272,-0.009624591252058147,,,,,,,
0.0060799999999999995,-0.392,-0.01198160034313123,,,,,,,
0.006088,-0.456,-0.012639076900441313,,,,,,,
0.006096,-0.448,-0.011494326147353863,,,,,,,
0.006104,-0.376,-0.008660367086040668,,,,,,,
0.006111999999999999,-0.248,-0.004487169262103108,,,,,,,
0.00612,-0.088,0.0004439045270567028,,,,,,,
0.006128,0.07200000000000001,0.005372618894140967,,,,,,,
0.006136,0.24,0.009503630254935282,,,,,,,
0.006144,0.368,0.012209111169088812,,,,,,,
0.0061519999999999995,0.44,0.013161884032123589,,,,,,,
0.00616,0.456,0.012313575019771969,,,,,,,
0.006168,0.4,0.009796837620980816,,,,,,,
0.006176,0.28,0.005898927053835828,,,,,,,
0.006183999999999999,0.128,0.001106140664761835,,,,,,,
0.006192,-0.04,-0.0038921832287524393,,,,,,,
0.0062,-0.20800000000000002,-0.008311474804953175,,,,,,,
0.006208,-0.352,-0.011459718593074932,,,,,,,
0.006215999999999999,-0.432,-0.012880035947598803,,,,,,,
0.0062239999999999995,-0.456,-0.012399446152638582,,,,,,,
0.006232,-0.41600000000000004,-0.010127505724617224,,,,,,,
0.00624,-0.312,-0.0064109180851978495,,,,,,,
0.006248,-0.16,-0.0017800828538848167,,,,,,,
0.006255999999999999,0.008,0.0030842628151383842,,,,,,,
0.006264,0.168,0.007446257846117484,,,,,,,
0.006272,0.32,0.01069323043853223,,,,,,,
0.00628,0.41600000000000004,0.012452900750319332,,,,,,,
0.006287999999999999,0.456,0.012559907986260235,,,,,,,
0.0062959999999999995,0.432,0.01098465615877425,,,,,,,
0.006304,0.336,0.007850148598194965,,,,,,,
0.006312,0.2,0.003503360365551194,,,,,,,
0.00632,0.032,-0.0014601709276266714,,,,,,,
0.006327999999999999,-0.14400000000000002,-0.006259127549449641,,,,,,,
0.006336,-0.296,-0.010079084441919066,,,,,,,
0.006344,-0.40800000000000003,-0.012291750172718621,,,,,,,
0.006352,-0.456,-0.012611644440692453,,,,,,,
0.006359999999999999,-0.44,-0.011080468463123093,,,,,,,
0.0063679999999999995,-0.36,-0.007962166565991673,,,,,,,
0.006376,-0.224,-0.0036729359064497967,,,,,,,
0.006384,-0.064,0.0012252276898475955,,,,,,,
0.006392,0.10400000000000001,0.006022931487844875,,,,,,,
0.0063999999999999994,0.256,0.009961427071694104,,,,,,,
0.006408,0.384,0.012423916845789298,,,,,,,
0.006416,0.448,0.013081356958951105,,,,,,,
0.006424,0.448,0.011911166739551966,,,,,,,
0.006431999999999999,0.384,0.009116432369049307,,,,,,,
0.0064399999999999995,0.264,0.00504925939507929,,,,,,,
0.006448,0.10400000000000001,0.0002253994834138216,,,,,,,
0.006456,-0.07200000000000001,-0.004656093004746777,,,,,,,
0.006464,-0.232,-0.00883182860071213,,,,,,,
0.0064719999999999995,-0.368,-0.011667178611395627,,,,,,,
0.00648,-0.44,-0.01276249928290502,,,,,,,
0.006488,-0.456,-0.011979901054850148,,,,,,,
0.006496,-0.4,-0.009460049378848805,,,,,,,
0.006503999999999999,-0.28800000000000003,-0.005591073422389289,,,,,,,
0.0065119999999999996,-0.136,-0.000922286402878524,,,,,,,
0.00652,0.032,0.003899723655236341,,,,,,,
0.006528,0.192,0.008180926259558269,,,,,,,
0.006535999999999999,0.336,0.011299974189309796,,,,,,,
0.0065439999999999995,0.432,0.012836873441298895,,,,,,,
0.006552,0.456,0.012584253173434753,,,,,,,
0.00656,0.424,0.010529852980713728,,,,,,,
0.006568,0.32,0.006917168385206702,,,,,,,
0.006575999999999999,0.176,0.002279407522986376,,,,,,,
0.006584,0.0,-0.002655386746656523,,,,,,,
0.006592,-0.168,-0.007135141023387827,,,,,,,
0.0066,-0.312,-0.010522686214163478,,,,,,,
0.006607999999999999,-0.41600000000000004,-0.012372986725369683,,,,,,,
0.0066159999999999995,-0.456,-0.012478970318587489,,,,,,,
0.006624,-0.432,-0.010863890573112527,,,,,,,
0.006632,-0.34400000000000003,-0.0077130860434712414,,,,,,,
0.00664,-0.2,-0.003359182381779455,,,,,,,
0.006647999999999999,-0.04,0.0016363720409905166,,,,,,,
0.006656,0.128,0.006488897711850808,,,,,,,
0.006664,0.28,0.010390723401460125,,,,,,,
0.006672,0.4,0.012729316638950067,,,,,,,
0.006679999999999999,0.456,0.013181401045414452,,,,,,,
0.0066879999999999995,0.448,0.011728780281680775,,,,,,,
0.006696,0.368,0.008627407323663632,,,,,,,
0.006704,0.24,0.00434335457687195,,,,,,,
0.006712,0.08,-0.0005038516629536137,,,,,,,
0.006719999999999999,-0.096,-0.005210702031067333,,,,,,,
0.006728,-0.256,-0.009106336352528888,,,,,,,
0.006736,-0.384,-0.011664132469021503,,,,,,,
0.006744,-0.448,-0.012551190423996729,,,,,,,
0.006751999999999999,-0.448,-0.011635044910480051,,,,,,,
0.0067599999999999995,-0.384,-0.008989294003844248,,,,,,,
0.006768,-0.264,-0.004927539419369321,,,,,,,
0.006776,-0.10400000000000001,-3.251744942599428e-05,,,,,,,
0.006784,0.056,0.004910230067898873,,,,,,,
0.006791999999999999,0.224,0.009084996260487326,,,,,,,
0.0068,0.352,0.01185716395004732,,,,,,,
0.006808,0.44,0.012920320886549468,,,,,,,
0.006816,0.456,0.012256779349056099,,,,,,,
0.006823999999999999,0.40800000000000003,0.009987460344580267,,,,,,,
0.0068319999999999995,0.296,0.006342861933359271,,,,,,,
0.00684,0.14400000000000002,0.0017533541518452635,,,,,,,
0.006848,-0.024,-0.0031376371190614026,,,,,,,
0.006856,-0.192,-0.007590364688863468,,,,,,,
0.0068639999999999994,-0.336,-0.010922198980523296,,,,,,,
0.006872,-0.432,-0.012625352849327606,,,,,,,
0.00688,-0.456,-0.012435350655859321,,,,,,,
0.006888,-0.424,-0.010364561317631173,,,,,,,
0.006895999999999999,-0.32,-0.006705277749201646,,,,,,,
0.0069039999999999995,-0.176,-0.001995725800795857,,,,,,,
0.006912,-0.016,0.003048586113184214,,,,,,,
0.00692,0.152,0.007636630238130293,,,,,,,
0.006927999999999999,0.304,0.011066033431450338,,,,,,,
0.0069359999999999995,0.40800000000000003,0.012896646504897942,,,,,,,
0.006944,0.456,0.012972695236527469,,,,,,,
0.006952,0.44,0.011328254005661967,,,,,,,
0.00696,0.352,0.008157415180759322,,,,,,,
0.006967999999999999,0.216,0.003846256982771265,,,,,,,
0.0069759999999999996,0.048,-0.0010228878727433076,,,,,,,
0.006984,-0.12,-0.005725513680498296,,,,,,,
0.006992,-0.28,-0.009528665511534161,,,,,,,
0.006999999999999999,-0.392,-0.011858735995437889,,,,,,,
0.0070079999999999995,-0.456,-0.01239602800377225,,,,,,,
0.007016,-0.448,-0.011080506558224389,,,,,,,
0.007024,-0.376,-0.008091644365730767,,,,,,,
0.007032,-0.24,-0.003836705150989229,,,,,,,
0.007039999999999999,-0.08,0.0010611014410165291,,,,,,,
0.007048,0.08,0.00584326571207975,,,,,,,
0.007056,0.24,0.009780722469463772,,,,,,,
0.007064,0.376,0.012318170481488984,,,,,,,
0.007071999999999999,0.448,0.01313958164426506,,,,,,,
0.0070799999999999995,0.456,0.012166612763372001,,,,,,,
0.007088,0.392,0.009526116259477673,,,,,,,
0.007096,0.28,0.005541309116690425,,,,,,,
0.007104,0.12,0.0007405080168460219,,,,,,,
0.007111999999999999,-0.048,-0.004184373169916094,,,,,,,
0.00712,-0.216,-0.00849123004706073,,,,,,,
0.007128,-0.352,-0.011522989701387603,,,,,,,
0.007136,-0.44,-0.012825777468907121,,,,,,,
0.007143999999999999,-0.456,-0.012230396141486384,,,,,,,
0.0071519999999999995,-0.40800000000000003,-0.009864202948901484,,,,,,,
0.00716,-0.304,-0.0060840191689182175,,,,,,,
0.007168,-0.152,-0.0013998418704770253,,,,,,,
0.007176,0.008,0.0035371382849221354,,,,,,,
0.007183999999999999,0.176,0.007963587744513707,,,,,,,
0.007192,0.32,0.011186100514830872,,,,,,,
0.0072,0.424,0.012794911627505911,,,,,,,
0.007208,0.456,0.012669873417672287,,,,,,,
0.007215999999999999,0.424,0.010865518340462336,,,,,,,
0.0072239999999999995,0.336,0.007586228497584813,,,,,,,
0.007232,0.192,0.003219604799819826,,,,,,,
0.00724,0.024,-0.001662086062337058,,,,,,,
0.007248,-0.14400000000000002,-0.006346578187916848,,,,,,,
0.007255999999999999,-0.304,-0.010090792186259514,,,,,,,
0.007264,-0.40800000000000003,-0.012280834474354919,,,,,,,
0.007272,-0.456,-0.012575617327492076,,,,,,,
0.00728,-0.44,-0.010963368095191602,,,,,,,
0.007287999999999999,-0.352,-0.007707789665305808,,,,,,,
0.0072959999999999995,-0.216,-0.0032712485397822545,,,,,,,
0.007304,-0.056,0.001701722117880589,,,,,,,
0.007312,0.112,0.006434098703492394,,,,,,,
0.007319999999999999,0.264,0.010194740774489572,,,,,,,
0.0073279999999999994,0.392,0.012482034611866562,,,,,,,
0.007336,0.448,0.013063925209528397,,,,,,,
0.007344,0.448,0.011913182740196314,,,,,,,
0.007352,0.384,0.009155208567481471,,,,,,,
0.007359999999999999,0.256,0.00508080376194494,,,,,,,
0.0073679999999999995,0.096,0.00019486022606075425,,,,,,,
0.007376,-0.08,-0.004773490557335998,,,,,,,
0.007384,-0.24,-0.008994823048640438,,,,,,,
0.007391999999999999,-0.368,-0.01178950295052134,,,,,,,
0.0073999999999999995,-0.448,-0.012801104005255387,,,,,,,
0.007408,-0.456,-0.011963231484047458,,,,,,,
0.007416,-0.4,-0.009406635831645516,,,,,,,
0.007424,-0.28,-0.005459647284216461,,,,,,,
0.007431999999999999,-0.128,-0.0006681336317009419,,,,,,,
0.0074399999999999996,0.04,0.00425393084502335,,,,,,,
0.007448,0.2,0.00853129298490583,,,,,,,
0.007456,0.34400000000000003,0.011511918760431283,,,,,,,
0.007463999999999999,0.432,0.01282542300785088,,,,,,,
0.0074719999999999995,0.456,0.01236113156661984,,,,,,,
0.00748,0.41600000000000004,0.010188400553002408,,,,,,,
0.007488,0.312,0.006560410334404673,,,,,,,
0.007496,0.168,0.001950021740150975,,,,,,,
0.007503999999999999,-0.008,-0.0029649755424473656,,,,,,,
0.007512,-0.176,-0.007422593069958545,,,,,,,
0.00752,-0.32,-0.010755870233787478,,,,,,,
0.007528,-0.424,-0.01250242821616231,,,,,,,
0.007535999999999999,-0.464,-0.01242062716711563,,,,,,,
0.0075439999999999995,-0.432,-0.010507444919101465,,,,,,,
0.007552,-0.336,-0.0070267030198445535,,,,,,,
0.00756,-0.192,-0.002464778318884751,,,,,,,
0.007568,-0.032,0.0025308388679321746,,,,,,,
0.007575999999999999,0.136,0.007193409483941528,,,,,,,
0.007584,0.28800000000000003,0.010788402906545575,,,,,,,
0.007592,0.4,0.012812078934818184,,,,,,,
0.0076,0.456,0.013048026628311074,,,,,,,
0.007607999999999999,0.44,0.011523022579775315,,,,,,,
0.0076159999999999995,0.368,0.008464623199165655,,,,,,,
0.007624,0.232,0.004262299990372948,,,,,,,
0.007632,0.07200000000000001,-0.0005641738259510462,,,,,,,
0.007639999999999999,-0.10400000000000001,-0.005373913622924282,,,,,,,
0.007647999999999999,-0.264,-0.009452420805466683,,,,,,,
0.007656,-0.384,-0.012160610169728235,,,,,,,
0.007664,-0.448,-0.013085765221470452,,,,,,,
0.007672,-0.448,-0.012090205752596103,,,,,,,
0.007679999999999999,-0.384,-0.009306507477499086,,,,,,,
0.0076879999999999995,-0.256,-0.005124770557691856,,,,,,,
0.007696,-0.10400000000000001,-0.00015963294823964744,,,,,,,
0.007704,0.064,0.004820096980740898,,,,,,,
0.007711999999999999,0.224,0.009028098038654335,,,,,,,
0.007719999999999999,0.36,0.011850013047353952,,,,,,,
0.007728,0.44,0.012961702577406779,,,,,,,
0.007736,0.456,0.012287750822713524,,,,,,,
0.007744,0.40800000000000003,0.009926656577275731,,,,,,,
0.007751999999999999,0.296,0.006162898476730436,,,,,,,
0.0077599999999999995,0.14400000000000002,0.0014897148137155518,,,,,,,
0.007768,-0.032,-0.003429547542482306,,,,,,,
0.007776,-0.2,-0.007856254757282577,,,,,,,
0.007783999999999999,-0.336,-0.01111620204181166,,,,,,,
0.0077919999999999994,-0.432,-0.012726309910347929,,,,,,,
0.0078,-0.456,-0.012454592161221708,,,,,,,
0.007808,-0.41600000000000004,-0.010335140520025465,,,,,,,
0.007816,-0.32,-0.006657651226057783,,,,,,,
0.007824,-0.168,-0.0019318948632360456,,,,,,,
0.007832,-0.008,0.003150175231991912,,,,,,,
0.00784,0.16,0.007781690199314683,,,,,,,
0.007847999999999999,0.312,0.011212741233965515,,,,,,,
0.007856,0.41600000000000004,0.012955648890142264,,,,,,,
0.007864,0.456,0.012851760490323464,,,,,,,
0.007871999999999999,0.432,0.011003353714018163,,,,,,,
0.00788,0.34400000000000003,0.00770051391790558,,,,,,,
0.007888,0.20800000000000002,0.003381620995027326,,,,,,,
0.007896,0.04,-0.0014030295591735812,,,,,,,
0.007904,-0.128,-0.006017977213465194,,,,,,,
0.007911999999999999,-0.28800000000000003,-0.009785469167941601,,,,,,,
0.00792,-0.4,-0.012113863133894367,,,,,,,
0.007928,-0.456,-0.012656102553405232,,,,,,,
0.007936,-0.448,-0.011360091713422383,,,,,,,
0.007944,-0.368,-0.008416222643896475,,,,,,,
0.007951999999999999,-0.24,-0.004215347218139489,,,,,,,
0.00796,-0.07200000000000001,0.0006682537409226499,,,,,,,
0.007968,0.088,0.005521159609613672,,,,,,,
0.007976,0.248,0.009597330869910832,,,,,,,
0.007984,0.376,0.012294704393364907,,,,,,,
0.007991999999999999,0.448,0.013278346427376488,,,,,,,
